case,category,prefill,decode,workload,pp,tg,line,phase,n_tokens,route_apply,label,reason,decide_us,apply_us,target
switch_cpu_to_opencl_pp256_tg16,switch,cpu,opencl,pp256_tg16,256,16,1153,prefill,256,true,prefill,phase-prefill-route,3,17,"attn=cpu,ffn=cpu,output=cpu"
switch_cpu_to_opencl_pp256_tg16,switch,cpu,opencl,pp256_tg16,256,16,1220,decode,1,true,decode,phase-decode-route,4,11553,"attn=opencl,ffn=opencl,output=opencl"
switch_cpu_to_opencl_pp256_tg16,switch,cpu,opencl,pp256_tg16,256,16,1235,decode,1,false,,,,,
switch_cpu_to_opencl_pp256_tg16,switch,cpu,opencl,pp256_tg16,256,16,1238,decode,1,false,,,,,
switch_cpu_to_opencl_pp256_tg16,switch,cpu,opencl,pp256_tg16,256,16,1241,decode,1,false,,,,,
switch_cpu_to_opencl_pp256_tg16,switch,cpu,opencl,pp256_tg16,256,16,1244,decode,1,false,,,,,
switch_cpu_to_opencl_pp256_tg16,switch,cpu,opencl,pp256_tg16,256,16,1247,decode,1,false,,,,,
switch_cpu_to_opencl_pp256_tg16,switch,cpu,opencl,pp256_tg16,256,16,1250,decode,1,false,,,,,
switch_cpu_to_opencl_pp256_tg16,switch,cpu,opencl,pp256_tg16,256,16,1253,decode,1,false,,,,,
switch_cpu_to_opencl_pp256_tg16,switch,cpu,opencl,pp256_tg16,256,16,1256,decode,1,false,,,,,
switch_cpu_to_opencl_pp256_tg16,switch,cpu,opencl,pp256_tg16,256,16,1259,decode,1,false,,,,,
switch_cpu_to_opencl_pp256_tg16,switch,cpu,opencl,pp256_tg16,256,16,1262,decode,1,false,,,,,
switch_cpu_to_opencl_pp256_tg16,switch,cpu,opencl,pp256_tg16,256,16,1265,decode,1,false,,,,,
switch_cpu_to_opencl_pp256_tg16,switch,cpu,opencl,pp256_tg16,256,16,1268,decode,1,false,,,,,
switch_cpu_to_opencl_pp256_tg16,switch,cpu,opencl,pp256_tg16,256,16,1271,decode,1,false,,,,,
switch_cpu_to_opencl_pp256_tg16,switch,cpu,opencl,pp256_tg16,256,16,1274,decode,1,false,,,,,
switch_cpu_to_opencl_pp256_tg16,switch,cpu,opencl,pp256_tg16,256,16,1277,decode,1,false,,,,,
switch_cpu_to_opencl_pp256_tg32,switch,cpu,opencl,pp256_tg32,256,32,1153,prefill,256,true,prefill,phase-prefill-route,2,14,"attn=cpu,ffn=cpu,output=cpu"
switch_cpu_to_opencl_pp256_tg32,switch,cpu,opencl,pp256_tg32,256,32,1220,decode,1,true,decode,phase-decode-route,7,10598,"attn=opencl,ffn=opencl,output=opencl"
switch_cpu_to_opencl_pp256_tg32,switch,cpu,opencl,pp256_tg32,256,32,1235,decode,1,false,,,,,
switch_cpu_to_opencl_pp256_tg32,switch,cpu,opencl,pp256_tg32,256,32,1238,decode,1,false,,,,,
switch_cpu_to_opencl_pp256_tg32,switch,cpu,opencl,pp256_tg32,256,32,1241,decode,1,false,,,,,
switch_cpu_to_opencl_pp256_tg32,switch,cpu,opencl,pp256_tg32,256,32,1244,decode,1,false,,,,,
switch_cpu_to_opencl_pp256_tg32,switch,cpu,opencl,pp256_tg32,256,32,1247,decode,1,false,,,,,
switch_cpu_to_opencl_pp256_tg32,switch,cpu,opencl,pp256_tg32,256,32,1250,decode,1,false,,,,,
switch_cpu_to_opencl_pp256_tg32,switch,cpu,opencl,pp256_tg32,256,32,1253,decode,1,false,,,,,
switch_cpu_to_opencl_pp256_tg32,switch,cpu,opencl,pp256_tg32,256,32,1256,decode,1,false,,,,,
switch_cpu_to_opencl_pp256_tg32,switch,cpu,opencl,pp256_tg32,256,32,1259,decode,1,false,,,,,
switch_cpu_to_opencl_pp256_tg32,switch,cpu,opencl,pp256_tg32,256,32,1262,decode,1,false,,,,,
switch_cpu_to_opencl_pp256_tg32,switch,cpu,opencl,pp256_tg32,256,32,1265,decode,1,false,,,,,
switch_cpu_to_opencl_pp256_tg32,switch,cpu,opencl,pp256_tg32,256,32,1268,decode,1,false,,,,,
switch_cpu_to_opencl_pp256_tg32,switch,cpu,opencl,pp256_tg32,256,32,1271,decode,1,false,,,,,
switch_cpu_to_opencl_pp256_tg32,switch,cpu,opencl,pp256_tg32,256,32,1274,decode,1,false,,,,,
switch_cpu_to_opencl_pp256_tg32,switch,cpu,opencl,pp256_tg32,256,32,1277,decode,1,false,,,,,
switch_cpu_to_opencl_pp256_tg32,switch,cpu,opencl,pp256_tg32,256,32,1280,decode,1,false,,,,,
switch_cpu_to_opencl_pp256_tg32,switch,cpu,opencl,pp256_tg32,256,32,1283,decode,1,false,,,,,
switch_cpu_to_opencl_pp256_tg32,switch,cpu,opencl,pp256_tg32,256,32,1286,decode,1,false,,,,,
switch_cpu_to_opencl_pp256_tg32,switch,cpu,opencl,pp256_tg32,256,32,1289,decode,1,false,,,,,
switch_cpu_to_opencl_pp256_tg32,switch,cpu,opencl,pp256_tg32,256,32,1292,decode,1,false,,,,,
switch_cpu_to_opencl_pp256_tg32,switch,cpu,opencl,pp256_tg32,256,32,1295,decode,1,false,,,,,
switch_cpu_to_opencl_pp256_tg32,switch,cpu,opencl,pp256_tg32,256,32,1298,decode,1,false,,,,,
switch_cpu_to_opencl_pp256_tg32,switch,cpu,opencl,pp256_tg32,256,32,1301,decode,1,false,,,,,
switch_cpu_to_opencl_pp256_tg32,switch,cpu,opencl,pp256_tg32,256,32,1304,decode,1,false,,,,,
switch_cpu_to_opencl_pp256_tg32,switch,cpu,opencl,pp256_tg32,256,32,1307,decode,1,false,,,,,
switch_cpu_to_opencl_pp256_tg32,switch,cpu,opencl,pp256_tg32,256,32,1310,decode,1,false,,,,,
switch_cpu_to_opencl_pp256_tg32,switch,cpu,opencl,pp256_tg32,256,32,1313,decode,1,false,,,,,
switch_cpu_to_opencl_pp256_tg32,switch,cpu,opencl,pp256_tg32,256,32,1316,decode,1,false,,,,,
switch_cpu_to_opencl_pp256_tg32,switch,cpu,opencl,pp256_tg32,256,32,1319,decode,1,false,,,,,
switch_cpu_to_opencl_pp256_tg32,switch,cpu,opencl,pp256_tg32,256,32,1322,decode,1,false,,,,,
switch_cpu_to_opencl_pp256_tg32,switch,cpu,opencl,pp256_tg32,256,32,1325,decode,1,false,,,,,
switch_cpu_to_opencl_pp256_tg64,switch,cpu,opencl,pp256_tg64,256,64,1153,prefill,256,true,prefill,phase-prefill-route,2,15,"attn=cpu,ffn=cpu,output=cpu"
switch_cpu_to_opencl_pp256_tg64,switch,cpu,opencl,pp256_tg64,256,64,1220,decode,1,true,decode,phase-decode-route,4,10921,"attn=opencl,ffn=opencl,output=opencl"
switch_cpu_to_opencl_pp256_tg64,switch,cpu,opencl,pp256_tg64,256,64,1235,decode,1,false,,,,,
switch_cpu_to_opencl_pp256_tg64,switch,cpu,opencl,pp256_tg64,256,64,1238,decode,1,false,,,,,
switch_cpu_to_opencl_pp256_tg64,switch,cpu,opencl,pp256_tg64,256,64,1241,decode,1,false,,,,,
switch_cpu_to_opencl_pp256_tg64,switch,cpu,opencl,pp256_tg64,256,64,1244,decode,1,false,,,,,
switch_cpu_to_opencl_pp256_tg64,switch,cpu,opencl,pp256_tg64,256,64,1247,decode,1,false,,,,,
switch_cpu_to_opencl_pp256_tg64,switch,cpu,opencl,pp256_tg64,256,64,1250,decode,1,false,,,,,
switch_cpu_to_opencl_pp256_tg64,switch,cpu,opencl,pp256_tg64,256,64,1253,decode,1,false,,,,,
switch_cpu_to_opencl_pp256_tg64,switch,cpu,opencl,pp256_tg64,256,64,1256,decode,1,false,,,,,
switch_cpu_to_opencl_pp256_tg64,switch,cpu,opencl,pp256_tg64,256,64,1259,decode,1,false,,,,,
switch_cpu_to_opencl_pp256_tg64,switch,cpu,opencl,pp256_tg64,256,64,1262,decode,1,false,,,,,
switch_cpu_to_opencl_pp256_tg64,switch,cpu,opencl,pp256_tg64,256,64,1265,decode,1,false,,,,,
switch_cpu_to_opencl_pp256_tg64,switch,cpu,opencl,pp256_tg64,256,64,1268,decode,1,false,,,,,
switch_cpu_to_opencl_pp256_tg64,switch,cpu,opencl,pp256_tg64,256,64,1271,decode,1,false,,,,,
switch_cpu_to_opencl_pp256_tg64,switch,cpu,opencl,pp256_tg64,256,64,1274,decode,1,false,,,,,
switch_cpu_to_opencl_pp256_tg64,switch,cpu,opencl,pp256_tg64,256,64,1277,decode,1,false,,,,,
switch_cpu_to_opencl_pp256_tg64,switch,cpu,opencl,pp256_tg64,256,64,1280,decode,1,false,,,,,
switch_cpu_to_opencl_pp256_tg64,switch,cpu,opencl,pp256_tg64,256,64,1283,decode,1,false,,,,,
switch_cpu_to_opencl_pp256_tg64,switch,cpu,opencl,pp256_tg64,256,64,1286,decode,1,false,,,,,
switch_cpu_to_opencl_pp256_tg64,switch,cpu,opencl,pp256_tg64,256,64,1289,decode,1,false,,,,,
switch_cpu_to_opencl_pp256_tg64,switch,cpu,opencl,pp256_tg64,256,64,1292,decode,1,false,,,,,
switch_cpu_to_opencl_pp256_tg64,switch,cpu,opencl,pp256_tg64,256,64,1295,decode,1,false,,,,,
switch_cpu_to_opencl_pp256_tg64,switch,cpu,opencl,pp256_tg64,256,64,1298,decode,1,false,,,,,
switch_cpu_to_opencl_pp256_tg64,switch,cpu,opencl,pp256_tg64,256,64,1301,decode,1,false,,,,,
switch_cpu_to_opencl_pp256_tg64,switch,cpu,opencl,pp256_tg64,256,64,1304,decode,1,false,,,,,
switch_cpu_to_opencl_pp256_tg64,switch,cpu,opencl,pp256_tg64,256,64,1307,decode,1,false,,,,,
switch_cpu_to_opencl_pp256_tg64,switch,cpu,opencl,pp256_tg64,256,64,1310,decode,1,false,,,,,
switch_cpu_to_opencl_pp256_tg64,switch,cpu,opencl,pp256_tg64,256,64,1313,decode,1,false,,,,,
switch_cpu_to_opencl_pp256_tg64,switch,cpu,opencl,pp256_tg64,256,64,1316,decode,1,false,,,,,
switch_cpu_to_opencl_pp256_tg64,switch,cpu,opencl,pp256_tg64,256,64,1319,decode,1,false,,,,,
switch_cpu_to_opencl_pp256_tg64,switch,cpu,opencl,pp256_tg64,256,64,1322,decode,1,false,,,,,
switch_cpu_to_opencl_pp256_tg64,switch,cpu,opencl,pp256_tg64,256,64,1325,decode,1,false,,,,,
switch_cpu_to_opencl_pp256_tg64,switch,cpu,opencl,pp256_tg64,256,64,1328,decode,1,false,,,,,
switch_cpu_to_opencl_pp256_tg64,switch,cpu,opencl,pp256_tg64,256,64,1331,decode,1,false,,,,,
switch_cpu_to_opencl_pp256_tg64,switch,cpu,opencl,pp256_tg64,256,64,1334,decode,1,false,,,,,
switch_cpu_to_opencl_pp256_tg64,switch,cpu,opencl,pp256_tg64,256,64,1337,decode,1,false,,,,,
switch_cpu_to_opencl_pp256_tg64,switch,cpu,opencl,pp256_tg64,256,64,1340,decode,1,false,,,,,
switch_cpu_to_opencl_pp256_tg64,switch,cpu,opencl,pp256_tg64,256,64,1343,decode,1,false,,,,,
switch_cpu_to_opencl_pp256_tg64,switch,cpu,opencl,pp256_tg64,256,64,1346,decode,1,false,,,,,
switch_cpu_to_opencl_pp256_tg64,switch,cpu,opencl,pp256_tg64,256,64,1349,decode,1,false,,,,,
switch_cpu_to_opencl_pp256_tg64,switch,cpu,opencl,pp256_tg64,256,64,1352,decode,1,false,,,,,
switch_cpu_to_opencl_pp256_tg64,switch,cpu,opencl,pp256_tg64,256,64,1355,decode,1,false,,,,,
switch_cpu_to_opencl_pp256_tg64,switch,cpu,opencl,pp256_tg64,256,64,1358,decode,1,false,,,,,
switch_cpu_to_opencl_pp256_tg64,switch,cpu,opencl,pp256_tg64,256,64,1361,decode,1,false,,,,,
switch_cpu_to_opencl_pp256_tg64,switch,cpu,opencl,pp256_tg64,256,64,1364,decode,1,false,,,,,
switch_cpu_to_opencl_pp256_tg64,switch,cpu,opencl,pp256_tg64,256,64,1367,decode,1,false,,,,,
switch_cpu_to_opencl_pp256_tg64,switch,cpu,opencl,pp256_tg64,256,64,1370,decode,1,false,,,,,
switch_cpu_to_opencl_pp256_tg64,switch,cpu,opencl,pp256_tg64,256,64,1373,decode,1,false,,,,,
switch_cpu_to_opencl_pp256_tg64,switch,cpu,opencl,pp256_tg64,256,64,1376,decode,1,false,,,,,
switch_cpu_to_opencl_pp256_tg64,switch,cpu,opencl,pp256_tg64,256,64,1379,decode,1,false,,,,,
switch_cpu_to_opencl_pp256_tg64,switch,cpu,opencl,pp256_tg64,256,64,1382,decode,1,false,,,,,
switch_cpu_to_opencl_pp256_tg64,switch,cpu,opencl,pp256_tg64,256,64,1385,decode,1,false,,,,,
switch_cpu_to_opencl_pp256_tg64,switch,cpu,opencl,pp256_tg64,256,64,1388,decode,1,false,,,,,
switch_cpu_to_opencl_pp256_tg64,switch,cpu,opencl,pp256_tg64,256,64,1391,decode,1,false,,,,,
switch_cpu_to_opencl_pp256_tg64,switch,cpu,opencl,pp256_tg64,256,64,1394,decode,1,false,,,,,
switch_cpu_to_opencl_pp256_tg64,switch,cpu,opencl,pp256_tg64,256,64,1397,decode,1,false,,,,,
switch_cpu_to_opencl_pp256_tg64,switch,cpu,opencl,pp256_tg64,256,64,1400,decode,1,false,,,,,
switch_cpu_to_opencl_pp256_tg64,switch,cpu,opencl,pp256_tg64,256,64,1403,decode,1,false,,,,,
switch_cpu_to_opencl_pp256_tg64,switch,cpu,opencl,pp256_tg64,256,64,1406,decode,1,false,,,,,
switch_cpu_to_opencl_pp256_tg64,switch,cpu,opencl,pp256_tg64,256,64,1409,decode,1,false,,,,,
switch_cpu_to_opencl_pp256_tg64,switch,cpu,opencl,pp256_tg64,256,64,1412,decode,1,false,,,,,
switch_cpu_to_opencl_pp256_tg64,switch,cpu,opencl,pp256_tg64,256,64,1415,decode,1,false,,,,,
switch_cpu_to_opencl_pp256_tg64,switch,cpu,opencl,pp256_tg64,256,64,1418,decode,1,false,,,,,
switch_cpu_to_opencl_pp256_tg64,switch,cpu,opencl,pp256_tg64,256,64,1421,decode,1,false,,,,,
switch_cpu_to_opencl_pp512_tg16,switch,cpu,opencl,pp512_tg16,512,16,1153,prefill,512,true,prefill,phase-prefill-route,2,15,"attn=cpu,ffn=cpu,output=cpu"
switch_cpu_to_opencl_pp512_tg16,switch,cpu,opencl,pp512_tg16,512,16,1220,decode,1,true,decode,phase-decode-route,6,13881,"attn=opencl,ffn=opencl,output=opencl"
switch_cpu_to_opencl_pp512_tg16,switch,cpu,opencl,pp512_tg16,512,16,1235,decode,1,false,,,,,
switch_cpu_to_opencl_pp512_tg16,switch,cpu,opencl,pp512_tg16,512,16,1238,decode,1,false,,,,,
switch_cpu_to_opencl_pp512_tg16,switch,cpu,opencl,pp512_tg16,512,16,1241,decode,1,false,,,,,
switch_cpu_to_opencl_pp512_tg16,switch,cpu,opencl,pp512_tg16,512,16,1244,decode,1,false,,,,,
switch_cpu_to_opencl_pp512_tg16,switch,cpu,opencl,pp512_tg16,512,16,1247,decode,1,false,,,,,
switch_cpu_to_opencl_pp512_tg16,switch,cpu,opencl,pp512_tg16,512,16,1250,decode,1,false,,,,,
switch_cpu_to_opencl_pp512_tg16,switch,cpu,opencl,pp512_tg16,512,16,1253,decode,1,false,,,,,
switch_cpu_to_opencl_pp512_tg16,switch,cpu,opencl,pp512_tg16,512,16,1256,decode,1,false,,,,,
switch_cpu_to_opencl_pp512_tg16,switch,cpu,opencl,pp512_tg16,512,16,1259,decode,1,false,,,,,
switch_cpu_to_opencl_pp512_tg16,switch,cpu,opencl,pp512_tg16,512,16,1262,decode,1,false,,,,,
switch_cpu_to_opencl_pp512_tg16,switch,cpu,opencl,pp512_tg16,512,16,1265,decode,1,false,,,,,
switch_cpu_to_opencl_pp512_tg16,switch,cpu,opencl,pp512_tg16,512,16,1268,decode,1,false,,,,,
switch_cpu_to_opencl_pp512_tg16,switch,cpu,opencl,pp512_tg16,512,16,1271,decode,1,false,,,,,
switch_cpu_to_opencl_pp512_tg16,switch,cpu,opencl,pp512_tg16,512,16,1274,decode,1,false,,,,,
switch_cpu_to_opencl_pp512_tg16,switch,cpu,opencl,pp512_tg16,512,16,1277,decode,1,false,,,,,
switch_cpu_to_opencl_pp512_tg32,switch,cpu,opencl,pp512_tg32,512,32,1153,prefill,512,true,prefill,phase-prefill-route,2,14,"attn=cpu,ffn=cpu,output=cpu"
switch_cpu_to_opencl_pp512_tg32,switch,cpu,opencl,pp512_tg32,512,32,1220,decode,1,true,decode,phase-decode-route,3,2588,"attn=opencl,ffn=opencl,output=opencl"
switch_cpu_to_opencl_pp512_tg32,switch,cpu,opencl,pp512_tg32,512,32,1235,decode,1,false,,,,,
switch_cpu_to_opencl_pp512_tg32,switch,cpu,opencl,pp512_tg32,512,32,1238,decode,1,false,,,,,
switch_cpu_to_opencl_pp512_tg32,switch,cpu,opencl,pp512_tg32,512,32,1241,decode,1,false,,,,,
switch_cpu_to_opencl_pp512_tg32,switch,cpu,opencl,pp512_tg32,512,32,1244,decode,1,false,,,,,
switch_cpu_to_opencl_pp512_tg32,switch,cpu,opencl,pp512_tg32,512,32,1247,decode,1,false,,,,,
switch_cpu_to_opencl_pp512_tg32,switch,cpu,opencl,pp512_tg32,512,32,1250,decode,1,false,,,,,
switch_cpu_to_opencl_pp512_tg32,switch,cpu,opencl,pp512_tg32,512,32,1253,decode,1,false,,,,,
switch_cpu_to_opencl_pp512_tg32,switch,cpu,opencl,pp512_tg32,512,32,1256,decode,1,false,,,,,
switch_cpu_to_opencl_pp512_tg32,switch,cpu,opencl,pp512_tg32,512,32,1259,decode,1,false,,,,,
switch_cpu_to_opencl_pp512_tg32,switch,cpu,opencl,pp512_tg32,512,32,1262,decode,1,false,,,,,
switch_cpu_to_opencl_pp512_tg32,switch,cpu,opencl,pp512_tg32,512,32,1265,decode,1,false,,,,,
switch_cpu_to_opencl_pp512_tg32,switch,cpu,opencl,pp512_tg32,512,32,1268,decode,1,false,,,,,
switch_cpu_to_opencl_pp512_tg32,switch,cpu,opencl,pp512_tg32,512,32,1271,decode,1,false,,,,,
switch_cpu_to_opencl_pp512_tg32,switch,cpu,opencl,pp512_tg32,512,32,1274,decode,1,false,,,,,
switch_cpu_to_opencl_pp512_tg32,switch,cpu,opencl,pp512_tg32,512,32,1277,decode,1,false,,,,,
switch_cpu_to_opencl_pp512_tg32,switch,cpu,opencl,pp512_tg32,512,32,1280,decode,1,false,,,,,
switch_cpu_to_opencl_pp512_tg32,switch,cpu,opencl,pp512_tg32,512,32,1283,decode,1,false,,,,,
switch_cpu_to_opencl_pp512_tg32,switch,cpu,opencl,pp512_tg32,512,32,1286,decode,1,false,,,,,
switch_cpu_to_opencl_pp512_tg32,switch,cpu,opencl,pp512_tg32,512,32,1289,decode,1,false,,,,,
switch_cpu_to_opencl_pp512_tg32,switch,cpu,opencl,pp512_tg32,512,32,1292,decode,1,false,,,,,
switch_cpu_to_opencl_pp512_tg32,switch,cpu,opencl,pp512_tg32,512,32,1295,decode,1,false,,,,,
switch_cpu_to_opencl_pp512_tg32,switch,cpu,opencl,pp512_tg32,512,32,1298,decode,1,false,,,,,
switch_cpu_to_opencl_pp512_tg32,switch,cpu,opencl,pp512_tg32,512,32,1301,decode,1,false,,,,,
switch_cpu_to_opencl_pp512_tg32,switch,cpu,opencl,pp512_tg32,512,32,1304,decode,1,false,,,,,
switch_cpu_to_opencl_pp512_tg32,switch,cpu,opencl,pp512_tg32,512,32,1307,decode,1,false,,,,,
switch_cpu_to_opencl_pp512_tg32,switch,cpu,opencl,pp512_tg32,512,32,1310,decode,1,false,,,,,
switch_cpu_to_opencl_pp512_tg32,switch,cpu,opencl,pp512_tg32,512,32,1313,decode,1,false,,,,,
switch_cpu_to_opencl_pp512_tg32,switch,cpu,opencl,pp512_tg32,512,32,1316,decode,1,false,,,,,
switch_cpu_to_opencl_pp512_tg32,switch,cpu,opencl,pp512_tg32,512,32,1319,decode,1,false,,,,,
switch_cpu_to_opencl_pp512_tg32,switch,cpu,opencl,pp512_tg32,512,32,1322,decode,1,false,,,,,
switch_cpu_to_opencl_pp512_tg32,switch,cpu,opencl,pp512_tg32,512,32,1325,decode,1,false,,,,,
switch_cpu_to_opencl_pp512_tg64,switch,cpu,opencl,pp512_tg64,512,64,1153,prefill,512,true,prefill,phase-prefill-route,2,16,"attn=cpu,ffn=cpu,output=cpu"
switch_cpu_to_opencl_pp512_tg64,switch,cpu,opencl,pp512_tg64,512,64,1220,decode,1,true,decode,phase-decode-route,6,11080,"attn=opencl,ffn=opencl,output=opencl"
switch_cpu_to_opencl_pp512_tg64,switch,cpu,opencl,pp512_tg64,512,64,1235,decode,1,false,,,,,
switch_cpu_to_opencl_pp512_tg64,switch,cpu,opencl,pp512_tg64,512,64,1238,decode,1,false,,,,,
switch_cpu_to_opencl_pp512_tg64,switch,cpu,opencl,pp512_tg64,512,64,1241,decode,1,false,,,,,
switch_cpu_to_opencl_pp512_tg64,switch,cpu,opencl,pp512_tg64,512,64,1244,decode,1,false,,,,,
switch_cpu_to_opencl_pp512_tg64,switch,cpu,opencl,pp512_tg64,512,64,1247,decode,1,false,,,,,
switch_cpu_to_opencl_pp512_tg64,switch,cpu,opencl,pp512_tg64,512,64,1250,decode,1,false,,,,,
switch_cpu_to_opencl_pp512_tg64,switch,cpu,opencl,pp512_tg64,512,64,1253,decode,1,false,,,,,
switch_cpu_to_opencl_pp512_tg64,switch,cpu,opencl,pp512_tg64,512,64,1256,decode,1,false,,,,,
switch_cpu_to_opencl_pp512_tg64,switch,cpu,opencl,pp512_tg64,512,64,1259,decode,1,false,,,,,
switch_cpu_to_opencl_pp512_tg64,switch,cpu,opencl,pp512_tg64,512,64,1262,decode,1,false,,,,,
switch_cpu_to_opencl_pp512_tg64,switch,cpu,opencl,pp512_tg64,512,64,1265,decode,1,false,,,,,
switch_cpu_to_opencl_pp512_tg64,switch,cpu,opencl,pp512_tg64,512,64,1268,decode,1,false,,,,,
switch_cpu_to_opencl_pp512_tg64,switch,cpu,opencl,pp512_tg64,512,64,1271,decode,1,false,,,,,
switch_cpu_to_opencl_pp512_tg64,switch,cpu,opencl,pp512_tg64,512,64,1274,decode,1,false,,,,,
switch_cpu_to_opencl_pp512_tg64,switch,cpu,opencl,pp512_tg64,512,64,1277,decode,1,false,,,,,
switch_cpu_to_opencl_pp512_tg64,switch,cpu,opencl,pp512_tg64,512,64,1280,decode,1,false,,,,,
switch_cpu_to_opencl_pp512_tg64,switch,cpu,opencl,pp512_tg64,512,64,1283,decode,1,false,,,,,
switch_cpu_to_opencl_pp512_tg64,switch,cpu,opencl,pp512_tg64,512,64,1286,decode,1,false,,,,,
switch_cpu_to_opencl_pp512_tg64,switch,cpu,opencl,pp512_tg64,512,64,1289,decode,1,false,,,,,
switch_cpu_to_opencl_pp512_tg64,switch,cpu,opencl,pp512_tg64,512,64,1292,decode,1,false,,,,,
switch_cpu_to_opencl_pp512_tg64,switch,cpu,opencl,pp512_tg64,512,64,1295,decode,1,false,,,,,
switch_cpu_to_opencl_pp512_tg64,switch,cpu,opencl,pp512_tg64,512,64,1298,decode,1,false,,,,,
switch_cpu_to_opencl_pp512_tg64,switch,cpu,opencl,pp512_tg64,512,64,1301,decode,1,false,,,,,
switch_cpu_to_opencl_pp512_tg64,switch,cpu,opencl,pp512_tg64,512,64,1304,decode,1,false,,,,,
switch_cpu_to_opencl_pp512_tg64,switch,cpu,opencl,pp512_tg64,512,64,1307,decode,1,false,,,,,
switch_cpu_to_opencl_pp512_tg64,switch,cpu,opencl,pp512_tg64,512,64,1310,decode,1,false,,,,,
switch_cpu_to_opencl_pp512_tg64,switch,cpu,opencl,pp512_tg64,512,64,1313,decode,1,false,,,,,
switch_cpu_to_opencl_pp512_tg64,switch,cpu,opencl,pp512_tg64,512,64,1316,decode,1,false,,,,,
switch_cpu_to_opencl_pp512_tg64,switch,cpu,opencl,pp512_tg64,512,64,1319,decode,1,false,,,,,
switch_cpu_to_opencl_pp512_tg64,switch,cpu,opencl,pp512_tg64,512,64,1322,decode,1,false,,,,,
switch_cpu_to_opencl_pp512_tg64,switch,cpu,opencl,pp512_tg64,512,64,1325,decode,1,false,,,,,
switch_cpu_to_opencl_pp512_tg64,switch,cpu,opencl,pp512_tg64,512,64,1328,decode,1,false,,,,,
switch_cpu_to_opencl_pp512_tg64,switch,cpu,opencl,pp512_tg64,512,64,1331,decode,1,false,,,,,
switch_cpu_to_opencl_pp512_tg64,switch,cpu,opencl,pp512_tg64,512,64,1334,decode,1,false,,,,,
switch_cpu_to_opencl_pp512_tg64,switch,cpu,opencl,pp512_tg64,512,64,1337,decode,1,false,,,,,
switch_cpu_to_opencl_pp512_tg64,switch,cpu,opencl,pp512_tg64,512,64,1340,decode,1,false,,,,,
switch_cpu_to_opencl_pp512_tg64,switch,cpu,opencl,pp512_tg64,512,64,1343,decode,1,false,,,,,
switch_cpu_to_opencl_pp512_tg64,switch,cpu,opencl,pp512_tg64,512,64,1346,decode,1,false,,,,,
switch_cpu_to_opencl_pp512_tg64,switch,cpu,opencl,pp512_tg64,512,64,1349,decode,1,false,,,,,
switch_cpu_to_opencl_pp512_tg64,switch,cpu,opencl,pp512_tg64,512,64,1352,decode,1,false,,,,,
switch_cpu_to_opencl_pp512_tg64,switch,cpu,opencl,pp512_tg64,512,64,1355,decode,1,false,,,,,
switch_cpu_to_opencl_pp512_tg64,switch,cpu,opencl,pp512_tg64,512,64,1358,decode,1,false,,,,,
switch_cpu_to_opencl_pp512_tg64,switch,cpu,opencl,pp512_tg64,512,64,1361,decode,1,false,,,,,
switch_cpu_to_opencl_pp512_tg64,switch,cpu,opencl,pp512_tg64,512,64,1364,decode,1,false,,,,,
switch_cpu_to_opencl_pp512_tg64,switch,cpu,opencl,pp512_tg64,512,64,1367,decode,1,false,,,,,
switch_cpu_to_opencl_pp512_tg64,switch,cpu,opencl,pp512_tg64,512,64,1370,decode,1,false,,,,,
switch_cpu_to_opencl_pp512_tg64,switch,cpu,opencl,pp512_tg64,512,64,1373,decode,1,false,,,,,
switch_cpu_to_opencl_pp512_tg64,switch,cpu,opencl,pp512_tg64,512,64,1376,decode,1,false,,,,,
switch_cpu_to_opencl_pp512_tg64,switch,cpu,opencl,pp512_tg64,512,64,1379,decode,1,false,,,,,
switch_cpu_to_opencl_pp512_tg64,switch,cpu,opencl,pp512_tg64,512,64,1382,decode,1,false,,,,,
switch_cpu_to_opencl_pp512_tg64,switch,cpu,opencl,pp512_tg64,512,64,1385,decode,1,false,,,,,
switch_cpu_to_opencl_pp512_tg64,switch,cpu,opencl,pp512_tg64,512,64,1388,decode,1,false,,,,,
switch_cpu_to_opencl_pp512_tg64,switch,cpu,opencl,pp512_tg64,512,64,1391,decode,1,false,,,,,
switch_cpu_to_opencl_pp512_tg64,switch,cpu,opencl,pp512_tg64,512,64,1394,decode,1,false,,,,,
switch_cpu_to_opencl_pp512_tg64,switch,cpu,opencl,pp512_tg64,512,64,1397,decode,1,false,,,,,
switch_cpu_to_opencl_pp512_tg64,switch,cpu,opencl,pp512_tg64,512,64,1400,decode,1,false,,,,,
switch_cpu_to_opencl_pp512_tg64,switch,cpu,opencl,pp512_tg64,512,64,1403,decode,1,false,,,,,
switch_cpu_to_opencl_pp512_tg64,switch,cpu,opencl,pp512_tg64,512,64,1406,decode,1,false,,,,,
switch_cpu_to_opencl_pp512_tg64,switch,cpu,opencl,pp512_tg64,512,64,1409,decode,1,false,,,,,
switch_cpu_to_opencl_pp512_tg64,switch,cpu,opencl,pp512_tg64,512,64,1412,decode,1,false,,,,,
switch_cpu_to_opencl_pp512_tg64,switch,cpu,opencl,pp512_tg64,512,64,1415,decode,1,false,,,,,
switch_cpu_to_opencl_pp512_tg64,switch,cpu,opencl,pp512_tg64,512,64,1418,decode,1,false,,,,,
switch_cpu_to_opencl_pp512_tg64,switch,cpu,opencl,pp512_tg64,512,64,1421,decode,1,false,,,,,
switch_cpu_to_qnn_pp256_tg16,switch,cpu,qnn-npu,pp256_tg16,256,16,718,prefill,256,true,prefill,phase-prefill-route,1,15,"attn=cpu,ffn=cpu,output=cpu"
switch_cpu_to_qnn_pp256_tg16,switch,cpu,qnn-npu,pp256_tg16,256,16,733,decode,1,true,decode,phase-decode-route,6,176,"attn=qnn-npu,ffn=qnn-npu,output=qnn-npu"
switch_cpu_to_qnn_pp256_tg16,switch,cpu,qnn-npu,pp256_tg16,256,16,761,decode,1,false,,,,,
switch_cpu_to_qnn_pp256_tg16,switch,cpu,qnn-npu,pp256_tg16,256,16,771,decode,1,false,,,,,
switch_cpu_to_qnn_pp256_tg16,switch,cpu,qnn-npu,pp256_tg16,256,16,781,decode,1,false,,,,,
switch_cpu_to_qnn_pp256_tg16,switch,cpu,qnn-npu,pp256_tg16,256,16,791,decode,1,false,,,,,
switch_cpu_to_qnn_pp256_tg16,switch,cpu,qnn-npu,pp256_tg16,256,16,801,decode,1,false,,,,,
switch_cpu_to_qnn_pp256_tg16,switch,cpu,qnn-npu,pp256_tg16,256,16,811,decode,1,false,,,,,
switch_cpu_to_qnn_pp256_tg16,switch,cpu,qnn-npu,pp256_tg16,256,16,821,decode,1,false,,,,,
switch_cpu_to_qnn_pp256_tg16,switch,cpu,qnn-npu,pp256_tg16,256,16,831,decode,1,false,,,,,
switch_cpu_to_qnn_pp256_tg16,switch,cpu,qnn-npu,pp256_tg16,256,16,841,decode,1,false,,,,,
switch_cpu_to_qnn_pp256_tg16,switch,cpu,qnn-npu,pp256_tg16,256,16,851,decode,1,false,,,,,
switch_cpu_to_qnn_pp256_tg16,switch,cpu,qnn-npu,pp256_tg16,256,16,861,decode,1,false,,,,,
switch_cpu_to_qnn_pp256_tg16,switch,cpu,qnn-npu,pp256_tg16,256,16,871,decode,1,false,,,,,
switch_cpu_to_qnn_pp256_tg16,switch,cpu,qnn-npu,pp256_tg16,256,16,881,decode,1,false,,,,,
switch_cpu_to_qnn_pp256_tg16,switch,cpu,qnn-npu,pp256_tg16,256,16,891,decode,1,false,,,,,
switch_cpu_to_qnn_pp256_tg16,switch,cpu,qnn-npu,pp256_tg16,256,16,901,decode,1,false,,,,,
switch_cpu_to_qnn_pp256_tg32,switch,cpu,qnn-npu,pp256_tg32,256,32,718,prefill,256,true,prefill,phase-prefill-route,1,16,"attn=cpu,ffn=cpu,output=cpu"
switch_cpu_to_qnn_pp256_tg32,switch,cpu,qnn-npu,pp256_tg32,256,32,733,decode,1,true,decode,phase-decode-route,7,180,"attn=qnn-npu,ffn=qnn-npu,output=qnn-npu"
switch_cpu_to_qnn_pp256_tg32,switch,cpu,qnn-npu,pp256_tg32,256,32,761,decode,1,false,,,,,
switch_cpu_to_qnn_pp256_tg32,switch,cpu,qnn-npu,pp256_tg32,256,32,771,decode,1,false,,,,,
switch_cpu_to_qnn_pp256_tg32,switch,cpu,qnn-npu,pp256_tg32,256,32,781,decode,1,false,,,,,
switch_cpu_to_qnn_pp256_tg32,switch,cpu,qnn-npu,pp256_tg32,256,32,791,decode,1,false,,,,,
switch_cpu_to_qnn_pp256_tg32,switch,cpu,qnn-npu,pp256_tg32,256,32,801,decode,1,false,,,,,
switch_cpu_to_qnn_pp256_tg32,switch,cpu,qnn-npu,pp256_tg32,256,32,811,decode,1,false,,,,,
switch_cpu_to_qnn_pp256_tg32,switch,cpu,qnn-npu,pp256_tg32,256,32,821,decode,1,false,,,,,
switch_cpu_to_qnn_pp256_tg32,switch,cpu,qnn-npu,pp256_tg32,256,32,831,decode,1,false,,,,,
switch_cpu_to_qnn_pp256_tg32,switch,cpu,qnn-npu,pp256_tg32,256,32,841,decode,1,false,,,,,
switch_cpu_to_qnn_pp256_tg32,switch,cpu,qnn-npu,pp256_tg32,256,32,851,decode,1,false,,,,,
switch_cpu_to_qnn_pp256_tg32,switch,cpu,qnn-npu,pp256_tg32,256,32,861,decode,1,false,,,,,
switch_cpu_to_qnn_pp256_tg32,switch,cpu,qnn-npu,pp256_tg32,256,32,871,decode,1,false,,,,,
switch_cpu_to_qnn_pp256_tg32,switch,cpu,qnn-npu,pp256_tg32,256,32,881,decode,1,false,,,,,
switch_cpu_to_qnn_pp256_tg32,switch,cpu,qnn-npu,pp256_tg32,256,32,891,decode,1,false,,,,,
switch_cpu_to_qnn_pp256_tg32,switch,cpu,qnn-npu,pp256_tg32,256,32,901,decode,1,false,,,,,
switch_cpu_to_qnn_pp256_tg32,switch,cpu,qnn-npu,pp256_tg32,256,32,911,decode,1,false,,,,,
switch_cpu_to_qnn_pp256_tg32,switch,cpu,qnn-npu,pp256_tg32,256,32,921,decode,1,false,,,,,
switch_cpu_to_qnn_pp256_tg32,switch,cpu,qnn-npu,pp256_tg32,256,32,931,decode,1,false,,,,,
switch_cpu_to_qnn_pp256_tg32,switch,cpu,qnn-npu,pp256_tg32,256,32,941,decode,1,false,,,,,
switch_cpu_to_qnn_pp256_tg32,switch,cpu,qnn-npu,pp256_tg32,256,32,951,decode,1,false,,,,,
switch_cpu_to_qnn_pp256_tg32,switch,cpu,qnn-npu,pp256_tg32,256,32,961,decode,1,false,,,,,
switch_cpu_to_qnn_pp256_tg32,switch,cpu,qnn-npu,pp256_tg32,256,32,971,decode,1,false,,,,,
switch_cpu_to_qnn_pp256_tg32,switch,cpu,qnn-npu,pp256_tg32,256,32,981,decode,1,false,,,,,
switch_cpu_to_qnn_pp256_tg32,switch,cpu,qnn-npu,pp256_tg32,256,32,991,decode,1,false,,,,,
switch_cpu_to_qnn_pp256_tg32,switch,cpu,qnn-npu,pp256_tg32,256,32,1001,decode,1,false,,,,,
switch_cpu_to_qnn_pp256_tg32,switch,cpu,qnn-npu,pp256_tg32,256,32,1011,decode,1,false,,,,,
switch_cpu_to_qnn_pp256_tg32,switch,cpu,qnn-npu,pp256_tg32,256,32,1021,decode,1,false,,,,,
switch_cpu_to_qnn_pp256_tg32,switch,cpu,qnn-npu,pp256_tg32,256,32,1031,decode,1,false,,,,,
switch_cpu_to_qnn_pp256_tg32,switch,cpu,qnn-npu,pp256_tg32,256,32,1041,decode,1,false,,,,,
switch_cpu_to_qnn_pp256_tg32,switch,cpu,qnn-npu,pp256_tg32,256,32,1051,decode,1,false,,,,,
switch_cpu_to_qnn_pp256_tg32,switch,cpu,qnn-npu,pp256_tg32,256,32,1061,decode,1,false,,,,,
switch_cpu_to_qnn_pp256_tg64,switch,cpu,qnn-npu,pp256_tg64,256,64,718,prefill,256,true,prefill,phase-prefill-route,2,18,"attn=cpu,ffn=cpu,output=cpu"
switch_cpu_to_qnn_pp256_tg64,switch,cpu,qnn-npu,pp256_tg64,256,64,733,decode,1,true,decode,phase-decode-route,6,138,"attn=qnn-npu,ffn=qnn-npu,output=qnn-npu"
switch_cpu_to_qnn_pp256_tg64,switch,cpu,qnn-npu,pp256_tg64,256,64,761,decode,1,false,,,,,
switch_cpu_to_qnn_pp256_tg64,switch,cpu,qnn-npu,pp256_tg64,256,64,771,decode,1,false,,,,,
switch_cpu_to_qnn_pp256_tg64,switch,cpu,qnn-npu,pp256_tg64,256,64,781,decode,1,false,,,,,
switch_cpu_to_qnn_pp256_tg64,switch,cpu,qnn-npu,pp256_tg64,256,64,791,decode,1,false,,,,,
switch_cpu_to_qnn_pp256_tg64,switch,cpu,qnn-npu,pp256_tg64,256,64,801,decode,1,false,,,,,
switch_cpu_to_qnn_pp256_tg64,switch,cpu,qnn-npu,pp256_tg64,256,64,811,decode,1,false,,,,,
switch_cpu_to_qnn_pp256_tg64,switch,cpu,qnn-npu,pp256_tg64,256,64,821,decode,1,false,,,,,
switch_cpu_to_qnn_pp256_tg64,switch,cpu,qnn-npu,pp256_tg64,256,64,831,decode,1,false,,,,,
switch_cpu_to_qnn_pp256_tg64,switch,cpu,qnn-npu,pp256_tg64,256,64,841,decode,1,false,,,,,
switch_cpu_to_qnn_pp256_tg64,switch,cpu,qnn-npu,pp256_tg64,256,64,851,decode,1,false,,,,,
switch_cpu_to_qnn_pp256_tg64,switch,cpu,qnn-npu,pp256_tg64,256,64,861,decode,1,false,,,,,
switch_cpu_to_qnn_pp256_tg64,switch,cpu,qnn-npu,pp256_tg64,256,64,871,decode,1,false,,,,,
switch_cpu_to_qnn_pp256_tg64,switch,cpu,qnn-npu,pp256_tg64,256,64,881,decode,1,false,,,,,
switch_cpu_to_qnn_pp256_tg64,switch,cpu,qnn-npu,pp256_tg64,256,64,891,decode,1,false,,,,,
switch_cpu_to_qnn_pp256_tg64,switch,cpu,qnn-npu,pp256_tg64,256,64,901,decode,1,false,,,,,
switch_cpu_to_qnn_pp256_tg64,switch,cpu,qnn-npu,pp256_tg64,256,64,911,decode,1,false,,,,,
switch_cpu_to_qnn_pp256_tg64,switch,cpu,qnn-npu,pp256_tg64,256,64,921,decode,1,false,,,,,
switch_cpu_to_qnn_pp256_tg64,switch,cpu,qnn-npu,pp256_tg64,256,64,931,decode,1,false,,,,,
switch_cpu_to_qnn_pp256_tg64,switch,cpu,qnn-npu,pp256_tg64,256,64,941,decode,1,false,,,,,
switch_cpu_to_qnn_pp256_tg64,switch,cpu,qnn-npu,pp256_tg64,256,64,951,decode,1,false,,,,,
switch_cpu_to_qnn_pp256_tg64,switch,cpu,qnn-npu,pp256_tg64,256,64,961,decode,1,false,,,,,
switch_cpu_to_qnn_pp256_tg64,switch,cpu,qnn-npu,pp256_tg64,256,64,971,decode,1,false,,,,,
switch_cpu_to_qnn_pp256_tg64,switch,cpu,qnn-npu,pp256_tg64,256,64,981,decode,1,false,,,,,
switch_cpu_to_qnn_pp256_tg64,switch,cpu,qnn-npu,pp256_tg64,256,64,991,decode,1,false,,,,,
switch_cpu_to_qnn_pp256_tg64,switch,cpu,qnn-npu,pp256_tg64,256,64,1001,decode,1,false,,,,,
switch_cpu_to_qnn_pp256_tg64,switch,cpu,qnn-npu,pp256_tg64,256,64,1011,decode,1,false,,,,,
switch_cpu_to_qnn_pp256_tg64,switch,cpu,qnn-npu,pp256_tg64,256,64,1021,decode,1,false,,,,,
switch_cpu_to_qnn_pp256_tg64,switch,cpu,qnn-npu,pp256_tg64,256,64,1031,decode,1,false,,,,,
switch_cpu_to_qnn_pp256_tg64,switch,cpu,qnn-npu,pp256_tg64,256,64,1041,decode,1,false,,,,,
switch_cpu_to_qnn_pp256_tg64,switch,cpu,qnn-npu,pp256_tg64,256,64,1051,decode,1,false,,,,,
switch_cpu_to_qnn_pp256_tg64,switch,cpu,qnn-npu,pp256_tg64,256,64,1061,decode,1,false,,,,,
switch_cpu_to_qnn_pp256_tg64,switch,cpu,qnn-npu,pp256_tg64,256,64,1071,decode,1,false,,,,,
switch_cpu_to_qnn_pp256_tg64,switch,cpu,qnn-npu,pp256_tg64,256,64,1081,decode,1,false,,,,,
switch_cpu_to_qnn_pp256_tg64,switch,cpu,qnn-npu,pp256_tg64,256,64,1091,decode,1,false,,,,,
switch_cpu_to_qnn_pp256_tg64,switch,cpu,qnn-npu,pp256_tg64,256,64,1101,decode,1,false,,,,,
switch_cpu_to_qnn_pp256_tg64,switch,cpu,qnn-npu,pp256_tg64,256,64,1111,decode,1,false,,,,,
switch_cpu_to_qnn_pp256_tg64,switch,cpu,qnn-npu,pp256_tg64,256,64,1121,decode,1,false,,,,,
switch_cpu_to_qnn_pp256_tg64,switch,cpu,qnn-npu,pp256_tg64,256,64,1131,decode,1,false,,,,,
switch_cpu_to_qnn_pp256_tg64,switch,cpu,qnn-npu,pp256_tg64,256,64,1141,decode,1,false,,,,,
switch_cpu_to_qnn_pp256_tg64,switch,cpu,qnn-npu,pp256_tg64,256,64,1151,decode,1,false,,,,,
switch_cpu_to_qnn_pp256_tg64,switch,cpu,qnn-npu,pp256_tg64,256,64,1161,decode,1,false,,,,,
switch_cpu_to_qnn_pp256_tg64,switch,cpu,qnn-npu,pp256_tg64,256,64,1171,decode,1,false,,,,,
switch_cpu_to_qnn_pp256_tg64,switch,cpu,qnn-npu,pp256_tg64,256,64,1181,decode,1,false,,,,,
switch_cpu_to_qnn_pp256_tg64,switch,cpu,qnn-npu,pp256_tg64,256,64,1191,decode,1,false,,,,,
switch_cpu_to_qnn_pp256_tg64,switch,cpu,qnn-npu,pp256_tg64,256,64,1201,decode,1,false,,,,,
switch_cpu_to_qnn_pp256_tg64,switch,cpu,qnn-npu,pp256_tg64,256,64,1211,decode,1,false,,,,,
switch_cpu_to_qnn_pp256_tg64,switch,cpu,qnn-npu,pp256_tg64,256,64,1221,decode,1,false,,,,,
switch_cpu_to_qnn_pp256_tg64,switch,cpu,qnn-npu,pp256_tg64,256,64,1231,decode,1,false,,,,,
switch_cpu_to_qnn_pp256_tg64,switch,cpu,qnn-npu,pp256_tg64,256,64,1241,decode,1,false,,,,,
switch_cpu_to_qnn_pp256_tg64,switch,cpu,qnn-npu,pp256_tg64,256,64,1251,decode,1,false,,,,,
switch_cpu_to_qnn_pp256_tg64,switch,cpu,qnn-npu,pp256_tg64,256,64,1261,decode,1,false,,,,,
switch_cpu_to_qnn_pp256_tg64,switch,cpu,qnn-npu,pp256_tg64,256,64,1271,decode,1,false,,,,,
switch_cpu_to_qnn_pp256_tg64,switch,cpu,qnn-npu,pp256_tg64,256,64,1281,decode,1,false,,,,,
switch_cpu_to_qnn_pp256_tg64,switch,cpu,qnn-npu,pp256_tg64,256,64,1291,decode,1,false,,,,,
switch_cpu_to_qnn_pp256_tg64,switch,cpu,qnn-npu,pp256_tg64,256,64,1301,decode,1,false,,,,,
switch_cpu_to_qnn_pp256_tg64,switch,cpu,qnn-npu,pp256_tg64,256,64,1311,decode,1,false,,,,,
switch_cpu_to_qnn_pp256_tg64,switch,cpu,qnn-npu,pp256_tg64,256,64,1321,decode,1,false,,,,,
switch_cpu_to_qnn_pp256_tg64,switch,cpu,qnn-npu,pp256_tg64,256,64,1331,decode,1,false,,,,,
switch_cpu_to_qnn_pp256_tg64,switch,cpu,qnn-npu,pp256_tg64,256,64,1341,decode,1,false,,,,,
switch_cpu_to_qnn_pp256_tg64,switch,cpu,qnn-npu,pp256_tg64,256,64,1351,decode,1,false,,,,,
switch_cpu_to_qnn_pp256_tg64,switch,cpu,qnn-npu,pp256_tg64,256,64,1361,decode,1,false,,,,,
switch_cpu_to_qnn_pp256_tg64,switch,cpu,qnn-npu,pp256_tg64,256,64,1371,decode,1,false,,,,,
switch_cpu_to_qnn_pp256_tg64,switch,cpu,qnn-npu,pp256_tg64,256,64,1381,decode,1,false,,,,,
switch_cpu_to_qnn_pp512_tg16,switch,cpu,qnn-npu,pp512_tg16,512,16,718,prefill,512,true,prefill,phase-prefill-route,2,15,"attn=cpu,ffn=cpu,output=cpu"
switch_cpu_to_qnn_pp512_tg16,switch,cpu,qnn-npu,pp512_tg16,512,16,733,decode,1,true,decode,phase-decode-route,3,140,"attn=qnn-npu,ffn=qnn-npu,output=qnn-npu"
switch_cpu_to_qnn_pp512_tg16,switch,cpu,qnn-npu,pp512_tg16,512,16,761,decode,1,false,,,,,
switch_cpu_to_qnn_pp512_tg16,switch,cpu,qnn-npu,pp512_tg16,512,16,771,decode,1,false,,,,,
switch_cpu_to_qnn_pp512_tg16,switch,cpu,qnn-npu,pp512_tg16,512,16,781,decode,1,false,,,,,
switch_cpu_to_qnn_pp512_tg16,switch,cpu,qnn-npu,pp512_tg16,512,16,791,decode,1,false,,,,,
switch_cpu_to_qnn_pp512_tg16,switch,cpu,qnn-npu,pp512_tg16,512,16,801,decode,1,false,,,,,
switch_cpu_to_qnn_pp512_tg16,switch,cpu,qnn-npu,pp512_tg16,512,16,811,decode,1,false,,,,,
switch_cpu_to_qnn_pp512_tg16,switch,cpu,qnn-npu,pp512_tg16,512,16,821,decode,1,false,,,,,
switch_cpu_to_qnn_pp512_tg16,switch,cpu,qnn-npu,pp512_tg16,512,16,831,decode,1,false,,,,,
switch_cpu_to_qnn_pp512_tg16,switch,cpu,qnn-npu,pp512_tg16,512,16,841,decode,1,false,,,,,
switch_cpu_to_qnn_pp512_tg16,switch,cpu,qnn-npu,pp512_tg16,512,16,851,decode,1,false,,,,,
switch_cpu_to_qnn_pp512_tg16,switch,cpu,qnn-npu,pp512_tg16,512,16,861,decode,1,false,,,,,
switch_cpu_to_qnn_pp512_tg16,switch,cpu,qnn-npu,pp512_tg16,512,16,871,decode,1,false,,,,,
switch_cpu_to_qnn_pp512_tg16,switch,cpu,qnn-npu,pp512_tg16,512,16,881,decode,1,false,,,,,
switch_cpu_to_qnn_pp512_tg16,switch,cpu,qnn-npu,pp512_tg16,512,16,891,decode,1,false,,,,,
switch_cpu_to_qnn_pp512_tg16,switch,cpu,qnn-npu,pp512_tg16,512,16,901,decode,1,false,,,,,
switch_cpu_to_qnn_pp512_tg32,switch,cpu,qnn-npu,pp512_tg32,512,32,718,prefill,512,true,prefill,phase-prefill-route,2,16,"attn=cpu,ffn=cpu,output=cpu"
switch_cpu_to_qnn_pp512_tg32,switch,cpu,qnn-npu,pp512_tg32,512,32,733,decode,1,true,decode,phase-decode-route,6,217,"attn=qnn-npu,ffn=qnn-npu,output=qnn-npu"
switch_cpu_to_qnn_pp512_tg32,switch,cpu,qnn-npu,pp512_tg32,512,32,761,decode,1,false,,,,,
switch_cpu_to_qnn_pp512_tg32,switch,cpu,qnn-npu,pp512_tg32,512,32,771,decode,1,false,,,,,
switch_cpu_to_qnn_pp512_tg32,switch,cpu,qnn-npu,pp512_tg32,512,32,781,decode,1,false,,,,,
switch_cpu_to_qnn_pp512_tg32,switch,cpu,qnn-npu,pp512_tg32,512,32,791,decode,1,false,,,,,
switch_cpu_to_qnn_pp512_tg32,switch,cpu,qnn-npu,pp512_tg32,512,32,801,decode,1,false,,,,,
switch_cpu_to_qnn_pp512_tg32,switch,cpu,qnn-npu,pp512_tg32,512,32,811,decode,1,false,,,,,
switch_cpu_to_qnn_pp512_tg32,switch,cpu,qnn-npu,pp512_tg32,512,32,821,decode,1,false,,,,,
switch_cpu_to_qnn_pp512_tg32,switch,cpu,qnn-npu,pp512_tg32,512,32,831,decode,1,false,,,,,
switch_cpu_to_qnn_pp512_tg32,switch,cpu,qnn-npu,pp512_tg32,512,32,841,decode,1,false,,,,,
switch_cpu_to_qnn_pp512_tg32,switch,cpu,qnn-npu,pp512_tg32,512,32,851,decode,1,false,,,,,
switch_cpu_to_qnn_pp512_tg32,switch,cpu,qnn-npu,pp512_tg32,512,32,861,decode,1,false,,,,,
switch_cpu_to_qnn_pp512_tg32,switch,cpu,qnn-npu,pp512_tg32,512,32,871,decode,1,false,,,,,
switch_cpu_to_qnn_pp512_tg32,switch,cpu,qnn-npu,pp512_tg32,512,32,881,decode,1,false,,,,,
switch_cpu_to_qnn_pp512_tg32,switch,cpu,qnn-npu,pp512_tg32,512,32,891,decode,1,false,,,,,
switch_cpu_to_qnn_pp512_tg32,switch,cpu,qnn-npu,pp512_tg32,512,32,901,decode,1,false,,,,,
switch_cpu_to_qnn_pp512_tg32,switch,cpu,qnn-npu,pp512_tg32,512,32,911,decode,1,false,,,,,
switch_cpu_to_qnn_pp512_tg32,switch,cpu,qnn-npu,pp512_tg32,512,32,921,decode,1,false,,,,,
switch_cpu_to_qnn_pp512_tg32,switch,cpu,qnn-npu,pp512_tg32,512,32,931,decode,1,false,,,,,
switch_cpu_to_qnn_pp512_tg32,switch,cpu,qnn-npu,pp512_tg32,512,32,941,decode,1,false,,,,,
switch_cpu_to_qnn_pp512_tg32,switch,cpu,qnn-npu,pp512_tg32,512,32,951,decode,1,false,,,,,
switch_cpu_to_qnn_pp512_tg32,switch,cpu,qnn-npu,pp512_tg32,512,32,961,decode,1,false,,,,,
switch_cpu_to_qnn_pp512_tg32,switch,cpu,qnn-npu,pp512_tg32,512,32,971,decode,1,false,,,,,
switch_cpu_to_qnn_pp512_tg32,switch,cpu,qnn-npu,pp512_tg32,512,32,981,decode,1,false,,,,,
switch_cpu_to_qnn_pp512_tg32,switch,cpu,qnn-npu,pp512_tg32,512,32,991,decode,1,false,,,,,
switch_cpu_to_qnn_pp512_tg32,switch,cpu,qnn-npu,pp512_tg32,512,32,1001,decode,1,false,,,,,
switch_cpu_to_qnn_pp512_tg32,switch,cpu,qnn-npu,pp512_tg32,512,32,1011,decode,1,false,,,,,
switch_cpu_to_qnn_pp512_tg32,switch,cpu,qnn-npu,pp512_tg32,512,32,1021,decode,1,false,,,,,
switch_cpu_to_qnn_pp512_tg32,switch,cpu,qnn-npu,pp512_tg32,512,32,1031,decode,1,false,,,,,
switch_cpu_to_qnn_pp512_tg32,switch,cpu,qnn-npu,pp512_tg32,512,32,1041,decode,1,false,,,,,
switch_cpu_to_qnn_pp512_tg32,switch,cpu,qnn-npu,pp512_tg32,512,32,1051,decode,1,false,,,,,
switch_cpu_to_qnn_pp512_tg32,switch,cpu,qnn-npu,pp512_tg32,512,32,1061,decode,1,false,,,,,
switch_cpu_to_qnn_pp512_tg64,switch,cpu,qnn-npu,pp512_tg64,512,64,718,prefill,512,true,prefill,phase-prefill-route,2,14,"attn=cpu,ffn=cpu,output=cpu"
switch_cpu_to_qnn_pp512_tg64,switch,cpu,qnn-npu,pp512_tg64,512,64,733,decode,1,true,decode,phase-decode-route,7,208,"attn=qnn-npu,ffn=qnn-npu,output=qnn-npu"
switch_cpu_to_qnn_pp512_tg64,switch,cpu,qnn-npu,pp512_tg64,512,64,761,decode,1,false,,,,,
switch_cpu_to_qnn_pp512_tg64,switch,cpu,qnn-npu,pp512_tg64,512,64,771,decode,1,false,,,,,
switch_cpu_to_qnn_pp512_tg64,switch,cpu,qnn-npu,pp512_tg64,512,64,781,decode,1,false,,,,,
switch_cpu_to_qnn_pp512_tg64,switch,cpu,qnn-npu,pp512_tg64,512,64,791,decode,1,false,,,,,
switch_cpu_to_qnn_pp512_tg64,switch,cpu,qnn-npu,pp512_tg64,512,64,801,decode,1,false,,,,,
switch_cpu_to_qnn_pp512_tg64,switch,cpu,qnn-npu,pp512_tg64,512,64,811,decode,1,false,,,,,
switch_cpu_to_qnn_pp512_tg64,switch,cpu,qnn-npu,pp512_tg64,512,64,821,decode,1,false,,,,,
switch_cpu_to_qnn_pp512_tg64,switch,cpu,qnn-npu,pp512_tg64,512,64,831,decode,1,false,,,,,
switch_cpu_to_qnn_pp512_tg64,switch,cpu,qnn-npu,pp512_tg64,512,64,841,decode,1,false,,,,,
switch_cpu_to_qnn_pp512_tg64,switch,cpu,qnn-npu,pp512_tg64,512,64,851,decode,1,false,,,,,
switch_cpu_to_qnn_pp512_tg64,switch,cpu,qnn-npu,pp512_tg64,512,64,861,decode,1,false,,,,,
switch_cpu_to_qnn_pp512_tg64,switch,cpu,qnn-npu,pp512_tg64,512,64,871,decode,1,false,,,,,
switch_cpu_to_qnn_pp512_tg64,switch,cpu,qnn-npu,pp512_tg64,512,64,881,decode,1,false,,,,,
switch_cpu_to_qnn_pp512_tg64,switch,cpu,qnn-npu,pp512_tg64,512,64,891,decode,1,false,,,,,
switch_cpu_to_qnn_pp512_tg64,switch,cpu,qnn-npu,pp512_tg64,512,64,901,decode,1,false,,,,,
switch_cpu_to_qnn_pp512_tg64,switch,cpu,qnn-npu,pp512_tg64,512,64,911,decode,1,false,,,,,
switch_cpu_to_qnn_pp512_tg64,switch,cpu,qnn-npu,pp512_tg64,512,64,921,decode,1,false,,,,,
switch_cpu_to_qnn_pp512_tg64,switch,cpu,qnn-npu,pp512_tg64,512,64,931,decode,1,false,,,,,
switch_cpu_to_qnn_pp512_tg64,switch,cpu,qnn-npu,pp512_tg64,512,64,941,decode,1,false,,,,,
switch_cpu_to_qnn_pp512_tg64,switch,cpu,qnn-npu,pp512_tg64,512,64,951,decode,1,false,,,,,
switch_cpu_to_qnn_pp512_tg64,switch,cpu,qnn-npu,pp512_tg64,512,64,961,decode,1,false,,,,,
switch_cpu_to_qnn_pp512_tg64,switch,cpu,qnn-npu,pp512_tg64,512,64,971,decode,1,false,,,,,
switch_cpu_to_qnn_pp512_tg64,switch,cpu,qnn-npu,pp512_tg64,512,64,981,decode,1,false,,,,,
switch_cpu_to_qnn_pp512_tg64,switch,cpu,qnn-npu,pp512_tg64,512,64,991,decode,1,false,,,,,
switch_cpu_to_qnn_pp512_tg64,switch,cpu,qnn-npu,pp512_tg64,512,64,1001,decode,1,false,,,,,
switch_cpu_to_qnn_pp512_tg64,switch,cpu,qnn-npu,pp512_tg64,512,64,1011,decode,1,false,,,,,
switch_cpu_to_qnn_pp512_tg64,switch,cpu,qnn-npu,pp512_tg64,512,64,1021,decode,1,false,,,,,
switch_cpu_to_qnn_pp512_tg64,switch,cpu,qnn-npu,pp512_tg64,512,64,1031,decode,1,false,,,,,
switch_cpu_to_qnn_pp512_tg64,switch,cpu,qnn-npu,pp512_tg64,512,64,1041,decode,1,false,,,,,
switch_cpu_to_qnn_pp512_tg64,switch,cpu,qnn-npu,pp512_tg64,512,64,1051,decode,1,false,,,,,
switch_cpu_to_qnn_pp512_tg64,switch,cpu,qnn-npu,pp512_tg64,512,64,1061,decode,1,false,,,,,
switch_cpu_to_qnn_pp512_tg64,switch,cpu,qnn-npu,pp512_tg64,512,64,1071,decode,1,false,,,,,
switch_cpu_to_qnn_pp512_tg64,switch,cpu,qnn-npu,pp512_tg64,512,64,1081,decode,1,false,,,,,
switch_cpu_to_qnn_pp512_tg64,switch,cpu,qnn-npu,pp512_tg64,512,64,1091,decode,1,false,,,,,
switch_cpu_to_qnn_pp512_tg64,switch,cpu,qnn-npu,pp512_tg64,512,64,1101,decode,1,false,,,,,
switch_cpu_to_qnn_pp512_tg64,switch,cpu,qnn-npu,pp512_tg64,512,64,1111,decode,1,false,,,,,
switch_cpu_to_qnn_pp512_tg64,switch,cpu,qnn-npu,pp512_tg64,512,64,1121,decode,1,false,,,,,
switch_cpu_to_qnn_pp512_tg64,switch,cpu,qnn-npu,pp512_tg64,512,64,1131,decode,1,false,,,,,
switch_cpu_to_qnn_pp512_tg64,switch,cpu,qnn-npu,pp512_tg64,512,64,1141,decode,1,false,,,,,
switch_cpu_to_qnn_pp512_tg64,switch,cpu,qnn-npu,pp512_tg64,512,64,1151,decode,1,false,,,,,
switch_cpu_to_qnn_pp512_tg64,switch,cpu,qnn-npu,pp512_tg64,512,64,1161,decode,1,false,,,,,
switch_cpu_to_qnn_pp512_tg64,switch,cpu,qnn-npu,pp512_tg64,512,64,1171,decode,1,false,,,,,
switch_cpu_to_qnn_pp512_tg64,switch,cpu,qnn-npu,pp512_tg64,512,64,1181,decode,1,false,,,,,
switch_cpu_to_qnn_pp512_tg64,switch,cpu,qnn-npu,pp512_tg64,512,64,1191,decode,1,false,,,,,
switch_cpu_to_qnn_pp512_tg64,switch,cpu,qnn-npu,pp512_tg64,512,64,1201,decode,1,false,,,,,
switch_cpu_to_qnn_pp512_tg64,switch,cpu,qnn-npu,pp512_tg64,512,64,1211,decode,1,false,,,,,
switch_cpu_to_qnn_pp512_tg64,switch,cpu,qnn-npu,pp512_tg64,512,64,1221,decode,1,false,,,,,
switch_cpu_to_qnn_pp512_tg64,switch,cpu,qnn-npu,pp512_tg64,512,64,1231,decode,1,false,,,,,
switch_cpu_to_qnn_pp512_tg64,switch,cpu,qnn-npu,pp512_tg64,512,64,1241,decode,1,false,,,,,
switch_cpu_to_qnn_pp512_tg64,switch,cpu,qnn-npu,pp512_tg64,512,64,1251,decode,1,false,,,,,
switch_cpu_to_qnn_pp512_tg64,switch,cpu,qnn-npu,pp512_tg64,512,64,1261,decode,1,false,,,,,
switch_cpu_to_qnn_pp512_tg64,switch,cpu,qnn-npu,pp512_tg64,512,64,1271,decode,1,false,,,,,
switch_cpu_to_qnn_pp512_tg64,switch,cpu,qnn-npu,pp512_tg64,512,64,1281,decode,1,false,,,,,
switch_cpu_to_qnn_pp512_tg64,switch,cpu,qnn-npu,pp512_tg64,512,64,1291,decode,1,false,,,,,
switch_cpu_to_qnn_pp512_tg64,switch,cpu,qnn-npu,pp512_tg64,512,64,1301,decode,1,false,,,,,
switch_cpu_to_qnn_pp512_tg64,switch,cpu,qnn-npu,pp512_tg64,512,64,1311,decode,1,false,,,,,
switch_cpu_to_qnn_pp512_tg64,switch,cpu,qnn-npu,pp512_tg64,512,64,1321,decode,1,false,,,,,
switch_cpu_to_qnn_pp512_tg64,switch,cpu,qnn-npu,pp512_tg64,512,64,1331,decode,1,false,,,,,
switch_cpu_to_qnn_pp512_tg64,switch,cpu,qnn-npu,pp512_tg64,512,64,1341,decode,1,false,,,,,
switch_cpu_to_qnn_pp512_tg64,switch,cpu,qnn-npu,pp512_tg64,512,64,1351,decode,1,false,,,,,
switch_cpu_to_qnn_pp512_tg64,switch,cpu,qnn-npu,pp512_tg64,512,64,1361,decode,1,false,,,,,
switch_cpu_to_qnn_pp512_tg64,switch,cpu,qnn-npu,pp512_tg64,512,64,1371,decode,1,false,,,,,
switch_cpu_to_qnn_pp512_tg64,switch,cpu,qnn-npu,pp512_tg64,512,64,1381,decode,1,false,,,,,
switch_opencl_to_cpu_pp256_tg16,switch,opencl,cpu,pp256_tg16,256,16,1153,prefill,256,true,prefill,phase-prefill-route,3,15,"attn=opencl,ffn=opencl,output=opencl"
switch_opencl_to_cpu_pp256_tg16,switch,opencl,cpu,pp256_tg16,256,16,1223,decode,1,true,decode,phase-decode-route,3,92,"attn=cpu,ffn=cpu,output=cpu"
switch_opencl_to_cpu_pp256_tg16,switch,opencl,cpu,pp256_tg16,256,16,1237,decode,1,false,,,,,
switch_opencl_to_cpu_pp256_tg16,switch,opencl,cpu,pp256_tg16,256,16,1240,decode,1,false,,,,,
switch_opencl_to_cpu_pp256_tg16,switch,opencl,cpu,pp256_tg16,256,16,1243,decode,1,false,,,,,
switch_opencl_to_cpu_pp256_tg16,switch,opencl,cpu,pp256_tg16,256,16,1246,decode,1,false,,,,,
switch_opencl_to_cpu_pp256_tg16,switch,opencl,cpu,pp256_tg16,256,16,1249,decode,1,false,,,,,
switch_opencl_to_cpu_pp256_tg16,switch,opencl,cpu,pp256_tg16,256,16,1252,decode,1,false,,,,,
switch_opencl_to_cpu_pp256_tg16,switch,opencl,cpu,pp256_tg16,256,16,1255,decode,1,false,,,,,
switch_opencl_to_cpu_pp256_tg16,switch,opencl,cpu,pp256_tg16,256,16,1258,decode,1,false,,,,,
switch_opencl_to_cpu_pp256_tg16,switch,opencl,cpu,pp256_tg16,256,16,1261,decode,1,false,,,,,
switch_opencl_to_cpu_pp256_tg16,switch,opencl,cpu,pp256_tg16,256,16,1264,decode,1,false,,,,,
switch_opencl_to_cpu_pp256_tg16,switch,opencl,cpu,pp256_tg16,256,16,1267,decode,1,false,,,,,
switch_opencl_to_cpu_pp256_tg16,switch,opencl,cpu,pp256_tg16,256,16,1270,decode,1,false,,,,,
switch_opencl_to_cpu_pp256_tg16,switch,opencl,cpu,pp256_tg16,256,16,1273,decode,1,false,,,,,
switch_opencl_to_cpu_pp256_tg16,switch,opencl,cpu,pp256_tg16,256,16,1276,decode,1,false,,,,,
switch_opencl_to_cpu_pp256_tg16,switch,opencl,cpu,pp256_tg16,256,16,1279,decode,1,false,,,,,
switch_opencl_to_cpu_pp256_tg32,switch,opencl,cpu,pp256_tg32,256,32,1153,prefill,256,true,prefill,phase-prefill-route,2,15,"attn=opencl,ffn=opencl,output=opencl"
switch_opencl_to_cpu_pp256_tg32,switch,opencl,cpu,pp256_tg32,256,32,1223,decode,1,true,decode,phase-decode-route,6,78,"attn=cpu,ffn=cpu,output=cpu"
switch_opencl_to_cpu_pp256_tg32,switch,opencl,cpu,pp256_tg32,256,32,1237,decode,1,false,,,,,
switch_opencl_to_cpu_pp256_tg32,switch,opencl,cpu,pp256_tg32,256,32,1240,decode,1,false,,,,,
switch_opencl_to_cpu_pp256_tg32,switch,opencl,cpu,pp256_tg32,256,32,1243,decode,1,false,,,,,
switch_opencl_to_cpu_pp256_tg32,switch,opencl,cpu,pp256_tg32,256,32,1246,decode,1,false,,,,,
switch_opencl_to_cpu_pp256_tg32,switch,opencl,cpu,pp256_tg32,256,32,1249,decode,1,false,,,,,
switch_opencl_to_cpu_pp256_tg32,switch,opencl,cpu,pp256_tg32,256,32,1252,decode,1,false,,,,,
switch_opencl_to_cpu_pp256_tg32,switch,opencl,cpu,pp256_tg32,256,32,1255,decode,1,false,,,,,
switch_opencl_to_cpu_pp256_tg32,switch,opencl,cpu,pp256_tg32,256,32,1258,decode,1,false,,,,,
switch_opencl_to_cpu_pp256_tg32,switch,opencl,cpu,pp256_tg32,256,32,1261,decode,1,false,,,,,
switch_opencl_to_cpu_pp256_tg32,switch,opencl,cpu,pp256_tg32,256,32,1264,decode,1,false,,,,,
switch_opencl_to_cpu_pp256_tg32,switch,opencl,cpu,pp256_tg32,256,32,1267,decode,1,false,,,,,
switch_opencl_to_cpu_pp256_tg32,switch,opencl,cpu,pp256_tg32,256,32,1270,decode,1,false,,,,,
switch_opencl_to_cpu_pp256_tg32,switch,opencl,cpu,pp256_tg32,256,32,1273,decode,1,false,,,,,
switch_opencl_to_cpu_pp256_tg32,switch,opencl,cpu,pp256_tg32,256,32,1276,decode,1,false,,,,,
switch_opencl_to_cpu_pp256_tg32,switch,opencl,cpu,pp256_tg32,256,32,1279,decode,1,false,,,,,
switch_opencl_to_cpu_pp256_tg32,switch,opencl,cpu,pp256_tg32,256,32,1282,decode,1,false,,,,,
switch_opencl_to_cpu_pp256_tg32,switch,opencl,cpu,pp256_tg32,256,32,1285,decode,1,false,,,,,
switch_opencl_to_cpu_pp256_tg32,switch,opencl,cpu,pp256_tg32,256,32,1288,decode,1,false,,,,,
switch_opencl_to_cpu_pp256_tg32,switch,opencl,cpu,pp256_tg32,256,32,1291,decode,1,false,,,,,
switch_opencl_to_cpu_pp256_tg32,switch,opencl,cpu,pp256_tg32,256,32,1294,decode,1,false,,,,,
switch_opencl_to_cpu_pp256_tg32,switch,opencl,cpu,pp256_tg32,256,32,1297,decode,1,false,,,,,
switch_opencl_to_cpu_pp256_tg32,switch,opencl,cpu,pp256_tg32,256,32,1300,decode,1,false,,,,,
switch_opencl_to_cpu_pp256_tg32,switch,opencl,cpu,pp256_tg32,256,32,1303,decode,1,false,,,,,
switch_opencl_to_cpu_pp256_tg32,switch,opencl,cpu,pp256_tg32,256,32,1306,decode,1,false,,,,,
switch_opencl_to_cpu_pp256_tg32,switch,opencl,cpu,pp256_tg32,256,32,1309,decode,1,false,,,,,
switch_opencl_to_cpu_pp256_tg32,switch,opencl,cpu,pp256_tg32,256,32,1312,decode,1,false,,,,,
switch_opencl_to_cpu_pp256_tg32,switch,opencl,cpu,pp256_tg32,256,32,1315,decode,1,false,,,,,
switch_opencl_to_cpu_pp256_tg32,switch,opencl,cpu,pp256_tg32,256,32,1318,decode,1,false,,,,,
switch_opencl_to_cpu_pp256_tg32,switch,opencl,cpu,pp256_tg32,256,32,1321,decode,1,false,,,,,
switch_opencl_to_cpu_pp256_tg32,switch,opencl,cpu,pp256_tg32,256,32,1324,decode,1,false,,,,,
switch_opencl_to_cpu_pp256_tg32,switch,opencl,cpu,pp256_tg32,256,32,1327,decode,1,false,,,,,
switch_opencl_to_cpu_pp256_tg64,switch,opencl,cpu,pp256_tg64,256,64,1153,prefill,256,true,prefill,phase-prefill-route,2,15,"attn=opencl,ffn=opencl,output=opencl"
switch_opencl_to_cpu_pp256_tg64,switch,opencl,cpu,pp256_tg64,256,64,1223,decode,1,true,decode,phase-decode-route,5,83,"attn=cpu,ffn=cpu,output=cpu"
switch_opencl_to_cpu_pp256_tg64,switch,opencl,cpu,pp256_tg64,256,64,1237,decode,1,false,,,,,
switch_opencl_to_cpu_pp256_tg64,switch,opencl,cpu,pp256_tg64,256,64,1240,decode,1,false,,,,,
switch_opencl_to_cpu_pp256_tg64,switch,opencl,cpu,pp256_tg64,256,64,1243,decode,1,false,,,,,
switch_opencl_to_cpu_pp256_tg64,switch,opencl,cpu,pp256_tg64,256,64,1246,decode,1,false,,,,,
switch_opencl_to_cpu_pp256_tg64,switch,opencl,cpu,pp256_tg64,256,64,1249,decode,1,false,,,,,
switch_opencl_to_cpu_pp256_tg64,switch,opencl,cpu,pp256_tg64,256,64,1252,decode,1,false,,,,,
switch_opencl_to_cpu_pp256_tg64,switch,opencl,cpu,pp256_tg64,256,64,1255,decode,1,false,,,,,
switch_opencl_to_cpu_pp256_tg64,switch,opencl,cpu,pp256_tg64,256,64,1258,decode,1,false,,,,,
switch_opencl_to_cpu_pp256_tg64,switch,opencl,cpu,pp256_tg64,256,64,1261,decode,1,false,,,,,
switch_opencl_to_cpu_pp256_tg64,switch,opencl,cpu,pp256_tg64,256,64,1264,decode,1,false,,,,,
switch_opencl_to_cpu_pp256_tg64,switch,opencl,cpu,pp256_tg64,256,64,1267,decode,1,false,,,,,
switch_opencl_to_cpu_pp256_tg64,switch,opencl,cpu,pp256_tg64,256,64,1270,decode,1,false,,,,,
switch_opencl_to_cpu_pp256_tg64,switch,opencl,cpu,pp256_tg64,256,64,1273,decode,1,false,,,,,
switch_opencl_to_cpu_pp256_tg64,switch,opencl,cpu,pp256_tg64,256,64,1276,decode,1,false,,,,,
switch_opencl_to_cpu_pp256_tg64,switch,opencl,cpu,pp256_tg64,256,64,1279,decode,1,false,,,,,
switch_opencl_to_cpu_pp256_tg64,switch,opencl,cpu,pp256_tg64,256,64,1282,decode,1,false,,,,,
switch_opencl_to_cpu_pp256_tg64,switch,opencl,cpu,pp256_tg64,256,64,1285,decode,1,false,,,,,
switch_opencl_to_cpu_pp256_tg64,switch,opencl,cpu,pp256_tg64,256,64,1288,decode,1,false,,,,,
switch_opencl_to_cpu_pp256_tg64,switch,opencl,cpu,pp256_tg64,256,64,1291,decode,1,false,,,,,
switch_opencl_to_cpu_pp256_tg64,switch,opencl,cpu,pp256_tg64,256,64,1294,decode,1,false,,,,,
switch_opencl_to_cpu_pp256_tg64,switch,opencl,cpu,pp256_tg64,256,64,1297,decode,1,false,,,,,
switch_opencl_to_cpu_pp256_tg64,switch,opencl,cpu,pp256_tg64,256,64,1300,decode,1,false,,,,,
switch_opencl_to_cpu_pp256_tg64,switch,opencl,cpu,pp256_tg64,256,64,1303,decode,1,false,,,,,
switch_opencl_to_cpu_pp256_tg64,switch,opencl,cpu,pp256_tg64,256,64,1306,decode,1,false,,,,,
switch_opencl_to_cpu_pp256_tg64,switch,opencl,cpu,pp256_tg64,256,64,1309,decode,1,false,,,,,
switch_opencl_to_cpu_pp256_tg64,switch,opencl,cpu,pp256_tg64,256,64,1312,decode,1,false,,,,,
switch_opencl_to_cpu_pp256_tg64,switch,opencl,cpu,pp256_tg64,256,64,1315,decode,1,false,,,,,
switch_opencl_to_cpu_pp256_tg64,switch,opencl,cpu,pp256_tg64,256,64,1318,decode,1,false,,,,,
switch_opencl_to_cpu_pp256_tg64,switch,opencl,cpu,pp256_tg64,256,64,1321,decode,1,false,,,,,
switch_opencl_to_cpu_pp256_tg64,switch,opencl,cpu,pp256_tg64,256,64,1324,decode,1,false,,,,,
switch_opencl_to_cpu_pp256_tg64,switch,opencl,cpu,pp256_tg64,256,64,1327,decode,1,false,,,,,
switch_opencl_to_cpu_pp256_tg64,switch,opencl,cpu,pp256_tg64,256,64,1330,decode,1,false,,,,,
switch_opencl_to_cpu_pp256_tg64,switch,opencl,cpu,pp256_tg64,256,64,1333,decode,1,false,,,,,
switch_opencl_to_cpu_pp256_tg64,switch,opencl,cpu,pp256_tg64,256,64,1336,decode,1,false,,,,,
switch_opencl_to_cpu_pp256_tg64,switch,opencl,cpu,pp256_tg64,256,64,1339,decode,1,false,,,,,
switch_opencl_to_cpu_pp256_tg64,switch,opencl,cpu,pp256_tg64,256,64,1342,decode,1,false,,,,,
switch_opencl_to_cpu_pp256_tg64,switch,opencl,cpu,pp256_tg64,256,64,1345,decode,1,false,,,,,
switch_opencl_to_cpu_pp256_tg64,switch,opencl,cpu,pp256_tg64,256,64,1348,decode,1,false,,,,,
switch_opencl_to_cpu_pp256_tg64,switch,opencl,cpu,pp256_tg64,256,64,1351,decode,1,false,,,,,
switch_opencl_to_cpu_pp256_tg64,switch,opencl,cpu,pp256_tg64,256,64,1354,decode,1,false,,,,,
switch_opencl_to_cpu_pp256_tg64,switch,opencl,cpu,pp256_tg64,256,64,1357,decode,1,false,,,,,
switch_opencl_to_cpu_pp256_tg64,switch,opencl,cpu,pp256_tg64,256,64,1360,decode,1,false,,,,,
switch_opencl_to_cpu_pp256_tg64,switch,opencl,cpu,pp256_tg64,256,64,1363,decode,1,false,,,,,
switch_opencl_to_cpu_pp256_tg64,switch,opencl,cpu,pp256_tg64,256,64,1366,decode,1,false,,,,,
switch_opencl_to_cpu_pp256_tg64,switch,opencl,cpu,pp256_tg64,256,64,1369,decode,1,false,,,,,
switch_opencl_to_cpu_pp256_tg64,switch,opencl,cpu,pp256_tg64,256,64,1372,decode,1,false,,,,,
switch_opencl_to_cpu_pp256_tg64,switch,opencl,cpu,pp256_tg64,256,64,1375,decode,1,false,,,,,
switch_opencl_to_cpu_pp256_tg64,switch,opencl,cpu,pp256_tg64,256,64,1378,decode,1,false,,,,,
switch_opencl_to_cpu_pp256_tg64,switch,opencl,cpu,pp256_tg64,256,64,1381,decode,1,false,,,,,
switch_opencl_to_cpu_pp256_tg64,switch,opencl,cpu,pp256_tg64,256,64,1384,decode,1,false,,,,,
switch_opencl_to_cpu_pp256_tg64,switch,opencl,cpu,pp256_tg64,256,64,1387,decode,1,false,,,,,
switch_opencl_to_cpu_pp256_tg64,switch,opencl,cpu,pp256_tg64,256,64,1390,decode,1,false,,,,,
switch_opencl_to_cpu_pp256_tg64,switch,opencl,cpu,pp256_tg64,256,64,1393,decode,1,false,,,,,
switch_opencl_to_cpu_pp256_tg64,switch,opencl,cpu,pp256_tg64,256,64,1396,decode,1,false,,,,,
switch_opencl_to_cpu_pp256_tg64,switch,opencl,cpu,pp256_tg64,256,64,1399,decode,1,false,,,,,
switch_opencl_to_cpu_pp256_tg64,switch,opencl,cpu,pp256_tg64,256,64,1402,decode,1,false,,,,,
switch_opencl_to_cpu_pp256_tg64,switch,opencl,cpu,pp256_tg64,256,64,1405,decode,1,false,,,,,
switch_opencl_to_cpu_pp256_tg64,switch,opencl,cpu,pp256_tg64,256,64,1408,decode,1,false,,,,,
switch_opencl_to_cpu_pp256_tg64,switch,opencl,cpu,pp256_tg64,256,64,1411,decode,1,false,,,,,
switch_opencl_to_cpu_pp256_tg64,switch,opencl,cpu,pp256_tg64,256,64,1414,decode,1,false,,,,,
switch_opencl_to_cpu_pp256_tg64,switch,opencl,cpu,pp256_tg64,256,64,1417,decode,1,false,,,,,
switch_opencl_to_cpu_pp256_tg64,switch,opencl,cpu,pp256_tg64,256,64,1420,decode,1,false,,,,,
switch_opencl_to_cpu_pp256_tg64,switch,opencl,cpu,pp256_tg64,256,64,1423,decode,1,false,,,,,
switch_opencl_to_cpu_pp512_tg16,switch,opencl,cpu,pp512_tg16,512,16,1153,prefill,512,true,prefill,phase-prefill-route,2,15,"attn=opencl,ffn=opencl,output=opencl"
switch_opencl_to_cpu_pp512_tg16,switch,opencl,cpu,pp512_tg16,512,16,1223,decode,1,true,decode,phase-decode-route,5,77,"attn=cpu,ffn=cpu,output=cpu"
switch_opencl_to_cpu_pp512_tg16,switch,opencl,cpu,pp512_tg16,512,16,1237,decode,1,false,,,,,
switch_opencl_to_cpu_pp512_tg16,switch,opencl,cpu,pp512_tg16,512,16,1240,decode,1,false,,,,,
switch_opencl_to_cpu_pp512_tg16,switch,opencl,cpu,pp512_tg16,512,16,1243,decode,1,false,,,,,
switch_opencl_to_cpu_pp512_tg16,switch,opencl,cpu,pp512_tg16,512,16,1246,decode,1,false,,,,,
switch_opencl_to_cpu_pp512_tg16,switch,opencl,cpu,pp512_tg16,512,16,1249,decode,1,false,,,,,
switch_opencl_to_cpu_pp512_tg16,switch,opencl,cpu,pp512_tg16,512,16,1252,decode,1,false,,,,,
switch_opencl_to_cpu_pp512_tg16,switch,opencl,cpu,pp512_tg16,512,16,1255,decode,1,false,,,,,
switch_opencl_to_cpu_pp512_tg16,switch,opencl,cpu,pp512_tg16,512,16,1258,decode,1,false,,,,,
switch_opencl_to_cpu_pp512_tg16,switch,opencl,cpu,pp512_tg16,512,16,1261,decode,1,false,,,,,
switch_opencl_to_cpu_pp512_tg16,switch,opencl,cpu,pp512_tg16,512,16,1264,decode,1,false,,,,,
switch_opencl_to_cpu_pp512_tg16,switch,opencl,cpu,pp512_tg16,512,16,1267,decode,1,false,,,,,
switch_opencl_to_cpu_pp512_tg16,switch,opencl,cpu,pp512_tg16,512,16,1270,decode,1,false,,,,,
switch_opencl_to_cpu_pp512_tg16,switch,opencl,cpu,pp512_tg16,512,16,1273,decode,1,false,,,,,
switch_opencl_to_cpu_pp512_tg16,switch,opencl,cpu,pp512_tg16,512,16,1276,decode,1,false,,,,,
switch_opencl_to_cpu_pp512_tg16,switch,opencl,cpu,pp512_tg16,512,16,1279,decode,1,false,,,,,
switch_opencl_to_cpu_pp512_tg32,switch,opencl,cpu,pp512_tg32,512,32,1153,prefill,512,true,prefill,phase-prefill-route,2,5,"attn=opencl,ffn=opencl,output=opencl"
switch_opencl_to_cpu_pp512_tg32,switch,opencl,cpu,pp512_tg32,512,32,1223,decode,1,true,decode,phase-decode-route,5,114,"attn=cpu,ffn=cpu,output=cpu"
switch_opencl_to_cpu_pp512_tg32,switch,opencl,cpu,pp512_tg32,512,32,1237,decode,1,false,,,,,
switch_opencl_to_cpu_pp512_tg32,switch,opencl,cpu,pp512_tg32,512,32,1240,decode,1,false,,,,,
switch_opencl_to_cpu_pp512_tg32,switch,opencl,cpu,pp512_tg32,512,32,1243,decode,1,false,,,,,
switch_opencl_to_cpu_pp512_tg32,switch,opencl,cpu,pp512_tg32,512,32,1246,decode,1,false,,,,,
switch_opencl_to_cpu_pp512_tg32,switch,opencl,cpu,pp512_tg32,512,32,1249,decode,1,false,,,,,
switch_opencl_to_cpu_pp512_tg32,switch,opencl,cpu,pp512_tg32,512,32,1252,decode,1,false,,,,,
switch_opencl_to_cpu_pp512_tg32,switch,opencl,cpu,pp512_tg32,512,32,1255,decode,1,false,,,,,
switch_opencl_to_cpu_pp512_tg32,switch,opencl,cpu,pp512_tg32,512,32,1258,decode,1,false,,,,,
switch_opencl_to_cpu_pp512_tg32,switch,opencl,cpu,pp512_tg32,512,32,1261,decode,1,false,,,,,
switch_opencl_to_cpu_pp512_tg32,switch,opencl,cpu,pp512_tg32,512,32,1264,decode,1,false,,,,,
switch_opencl_to_cpu_pp512_tg32,switch,opencl,cpu,pp512_tg32,512,32,1267,decode,1,false,,,,,
switch_opencl_to_cpu_pp512_tg32,switch,opencl,cpu,pp512_tg32,512,32,1270,decode,1,false,,,,,
switch_opencl_to_cpu_pp512_tg32,switch,opencl,cpu,pp512_tg32,512,32,1273,decode,1,false,,,,,
switch_opencl_to_cpu_pp512_tg32,switch,opencl,cpu,pp512_tg32,512,32,1276,decode,1,false,,,,,
switch_opencl_to_cpu_pp512_tg32,switch,opencl,cpu,pp512_tg32,512,32,1279,decode,1,false,,,,,
switch_opencl_to_cpu_pp512_tg32,switch,opencl,cpu,pp512_tg32,512,32,1282,decode,1,false,,,,,
switch_opencl_to_cpu_pp512_tg32,switch,opencl,cpu,pp512_tg32,512,32,1285,decode,1,false,,,,,
switch_opencl_to_cpu_pp512_tg32,switch,opencl,cpu,pp512_tg32,512,32,1288,decode,1,false,,,,,
switch_opencl_to_cpu_pp512_tg32,switch,opencl,cpu,pp512_tg32,512,32,1291,decode,1,false,,,,,
switch_opencl_to_cpu_pp512_tg32,switch,opencl,cpu,pp512_tg32,512,32,1294,decode,1,false,,,,,
switch_opencl_to_cpu_pp512_tg32,switch,opencl,cpu,pp512_tg32,512,32,1297,decode,1,false,,,,,
switch_opencl_to_cpu_pp512_tg32,switch,opencl,cpu,pp512_tg32,512,32,1300,decode,1,false,,,,,
switch_opencl_to_cpu_pp512_tg32,switch,opencl,cpu,pp512_tg32,512,32,1303,decode,1,false,,,,,
switch_opencl_to_cpu_pp512_tg32,switch,opencl,cpu,pp512_tg32,512,32,1306,decode,1,false,,,,,
switch_opencl_to_cpu_pp512_tg32,switch,opencl,cpu,pp512_tg32,512,32,1309,decode,1,false,,,,,
switch_opencl_to_cpu_pp512_tg32,switch,opencl,cpu,pp512_tg32,512,32,1312,decode,1,false,,,,,
switch_opencl_to_cpu_pp512_tg32,switch,opencl,cpu,pp512_tg32,512,32,1315,decode,1,false,,,,,
switch_opencl_to_cpu_pp512_tg32,switch,opencl,cpu,pp512_tg32,512,32,1318,decode,1,false,,,,,
switch_opencl_to_cpu_pp512_tg32,switch,opencl,cpu,pp512_tg32,512,32,1321,decode,1,false,,,,,
switch_opencl_to_cpu_pp512_tg32,switch,opencl,cpu,pp512_tg32,512,32,1324,decode,1,false,,,,,
switch_opencl_to_cpu_pp512_tg32,switch,opencl,cpu,pp512_tg32,512,32,1327,decode,1,false,,,,,
switch_opencl_to_cpu_pp512_tg64,switch,opencl,cpu,pp512_tg64,512,64,1153,prefill,512,true,prefill,phase-prefill-route,2,15,"attn=opencl,ffn=opencl,output=opencl"
switch_opencl_to_cpu_pp512_tg64,switch,opencl,cpu,pp512_tg64,512,64,1223,decode,1,true,decode,phase-decode-route,6,84,"attn=cpu,ffn=cpu,output=cpu"
switch_opencl_to_cpu_pp512_tg64,switch,opencl,cpu,pp512_tg64,512,64,1237,decode,1,false,,,,,
switch_opencl_to_cpu_pp512_tg64,switch,opencl,cpu,pp512_tg64,512,64,1240,decode,1,false,,,,,
switch_opencl_to_cpu_pp512_tg64,switch,opencl,cpu,pp512_tg64,512,64,1243,decode,1,false,,,,,
switch_opencl_to_cpu_pp512_tg64,switch,opencl,cpu,pp512_tg64,512,64,1246,decode,1,false,,,,,
switch_opencl_to_cpu_pp512_tg64,switch,opencl,cpu,pp512_tg64,512,64,1249,decode,1,false,,,,,
switch_opencl_to_cpu_pp512_tg64,switch,opencl,cpu,pp512_tg64,512,64,1252,decode,1,false,,,,,
switch_opencl_to_cpu_pp512_tg64,switch,opencl,cpu,pp512_tg64,512,64,1255,decode,1,false,,,,,
switch_opencl_to_cpu_pp512_tg64,switch,opencl,cpu,pp512_tg64,512,64,1258,decode,1,false,,,,,
switch_opencl_to_cpu_pp512_tg64,switch,opencl,cpu,pp512_tg64,512,64,1261,decode,1,false,,,,,
switch_opencl_to_cpu_pp512_tg64,switch,opencl,cpu,pp512_tg64,512,64,1264,decode,1,false,,,,,
switch_opencl_to_cpu_pp512_tg64,switch,opencl,cpu,pp512_tg64,512,64,1267,decode,1,false,,,,,
switch_opencl_to_cpu_pp512_tg64,switch,opencl,cpu,pp512_tg64,512,64,1270,decode,1,false,,,,,
switch_opencl_to_cpu_pp512_tg64,switch,opencl,cpu,pp512_tg64,512,64,1273,decode,1,false,,,,,
switch_opencl_to_cpu_pp512_tg64,switch,opencl,cpu,pp512_tg64,512,64,1276,decode,1,false,,,,,
switch_opencl_to_cpu_pp512_tg64,switch,opencl,cpu,pp512_tg64,512,64,1279,decode,1,false,,,,,
switch_opencl_to_cpu_pp512_tg64,switch,opencl,cpu,pp512_tg64,512,64,1282,decode,1,false,,,,,
switch_opencl_to_cpu_pp512_tg64,switch,opencl,cpu,pp512_tg64,512,64,1285,decode,1,false,,,,,
switch_opencl_to_cpu_pp512_tg64,switch,opencl,cpu,pp512_tg64,512,64,1288,decode,1,false,,,,,
switch_opencl_to_cpu_pp512_tg64,switch,opencl,cpu,pp512_tg64,512,64,1291,decode,1,false,,,,,
switch_opencl_to_cpu_pp512_tg64,switch,opencl,cpu,pp512_tg64,512,64,1294,decode,1,false,,,,,
switch_opencl_to_cpu_pp512_tg64,switch,opencl,cpu,pp512_tg64,512,64,1297,decode,1,false,,,,,
switch_opencl_to_cpu_pp512_tg64,switch,opencl,cpu,pp512_tg64,512,64,1300,decode,1,false,,,,,
switch_opencl_to_cpu_pp512_tg64,switch,opencl,cpu,pp512_tg64,512,64,1303,decode,1,false,,,,,
switch_opencl_to_cpu_pp512_tg64,switch,opencl,cpu,pp512_tg64,512,64,1306,decode,1,false,,,,,
switch_opencl_to_cpu_pp512_tg64,switch,opencl,cpu,pp512_tg64,512,64,1309,decode,1,false,,,,,
switch_opencl_to_cpu_pp512_tg64,switch,opencl,cpu,pp512_tg64,512,64,1312,decode,1,false,,,,,
switch_opencl_to_cpu_pp512_tg64,switch,opencl,cpu,pp512_tg64,512,64,1315,decode,1,false,,,,,
switch_opencl_to_cpu_pp512_tg64,switch,opencl,cpu,pp512_tg64,512,64,1318,decode,1,false,,,,,
switch_opencl_to_cpu_pp512_tg64,switch,opencl,cpu,pp512_tg64,512,64,1321,decode,1,false,,,,,
switch_opencl_to_cpu_pp512_tg64,switch,opencl,cpu,pp512_tg64,512,64,1324,decode,1,false,,,,,
switch_opencl_to_cpu_pp512_tg64,switch,opencl,cpu,pp512_tg64,512,64,1327,decode,1,false,,,,,
switch_opencl_to_cpu_pp512_tg64,switch,opencl,cpu,pp512_tg64,512,64,1330,decode,1,false,,,,,
switch_opencl_to_cpu_pp512_tg64,switch,opencl,cpu,pp512_tg64,512,64,1333,decode,1,false,,,,,
switch_opencl_to_cpu_pp512_tg64,switch,opencl,cpu,pp512_tg64,512,64,1336,decode,1,false,,,,,
switch_opencl_to_cpu_pp512_tg64,switch,opencl,cpu,pp512_tg64,512,64,1339,decode,1,false,,,,,
switch_opencl_to_cpu_pp512_tg64,switch,opencl,cpu,pp512_tg64,512,64,1342,decode,1,false,,,,,
switch_opencl_to_cpu_pp512_tg64,switch,opencl,cpu,pp512_tg64,512,64,1345,decode,1,false,,,,,
switch_opencl_to_cpu_pp512_tg64,switch,opencl,cpu,pp512_tg64,512,64,1348,decode,1,false,,,,,
switch_opencl_to_cpu_pp512_tg64,switch,opencl,cpu,pp512_tg64,512,64,1351,decode,1,false,,,,,
switch_opencl_to_cpu_pp512_tg64,switch,opencl,cpu,pp512_tg64,512,64,1354,decode,1,false,,,,,
switch_opencl_to_cpu_pp512_tg64,switch,opencl,cpu,pp512_tg64,512,64,1357,decode,1,false,,,,,
switch_opencl_to_cpu_pp512_tg64,switch,opencl,cpu,pp512_tg64,512,64,1360,decode,1,false,,,,,
switch_opencl_to_cpu_pp512_tg64,switch,opencl,cpu,pp512_tg64,512,64,1363,decode,1,false,,,,,
switch_opencl_to_cpu_pp512_tg64,switch,opencl,cpu,pp512_tg64,512,64,1366,decode,1,false,,,,,
switch_opencl_to_cpu_pp512_tg64,switch,opencl,cpu,pp512_tg64,512,64,1369,decode,1,false,,,,,
switch_opencl_to_cpu_pp512_tg64,switch,opencl,cpu,pp512_tg64,512,64,1372,decode,1,false,,,,,
switch_opencl_to_cpu_pp512_tg64,switch,opencl,cpu,pp512_tg64,512,64,1375,decode,1,false,,,,,
switch_opencl_to_cpu_pp512_tg64,switch,opencl,cpu,pp512_tg64,512,64,1378,decode,1,false,,,,,
switch_opencl_to_cpu_pp512_tg64,switch,opencl,cpu,pp512_tg64,512,64,1381,decode,1,false,,,,,
switch_opencl_to_cpu_pp512_tg64,switch,opencl,cpu,pp512_tg64,512,64,1384,decode,1,false,,,,,
switch_opencl_to_cpu_pp512_tg64,switch,opencl,cpu,pp512_tg64,512,64,1387,decode,1,false,,,,,
switch_opencl_to_cpu_pp512_tg64,switch,opencl,cpu,pp512_tg64,512,64,1390,decode,1,false,,,,,
switch_opencl_to_cpu_pp512_tg64,switch,opencl,cpu,pp512_tg64,512,64,1393,decode,1,false,,,,,
switch_opencl_to_cpu_pp512_tg64,switch,opencl,cpu,pp512_tg64,512,64,1396,decode,1,false,,,,,
switch_opencl_to_cpu_pp512_tg64,switch,opencl,cpu,pp512_tg64,512,64,1399,decode,1,false,,,,,
switch_opencl_to_cpu_pp512_tg64,switch,opencl,cpu,pp512_tg64,512,64,1402,decode,1,false,,,,,
switch_opencl_to_cpu_pp512_tg64,switch,opencl,cpu,pp512_tg64,512,64,1405,decode,1,false,,,,,
switch_opencl_to_cpu_pp512_tg64,switch,opencl,cpu,pp512_tg64,512,64,1408,decode,1,false,,,,,
switch_opencl_to_cpu_pp512_tg64,switch,opencl,cpu,pp512_tg64,512,64,1411,decode,1,false,,,,,
switch_opencl_to_cpu_pp512_tg64,switch,opencl,cpu,pp512_tg64,512,64,1414,decode,1,false,,,,,
switch_opencl_to_cpu_pp512_tg64,switch,opencl,cpu,pp512_tg64,512,64,1417,decode,1,false,,,,,
switch_opencl_to_cpu_pp512_tg64,switch,opencl,cpu,pp512_tg64,512,64,1420,decode,1,false,,,,,
switch_opencl_to_cpu_pp512_tg64,switch,opencl,cpu,pp512_tg64,512,64,1423,decode,1,false,,,,,
switch_opencl_to_qnn_pp256_tg16,switch,opencl,qnn-npu,pp256_tg16,256,16,1174,prefill,256,false,,,,,
switch_opencl_to_qnn_pp256_tg16,switch,opencl,qnn-npu,pp256_tg16,256,16,1383,decode,1,true,decode,phase-decode-route,5,25,"attn=qnn-npu,ffn=qnn-npu,output=qnn-npu"
switch_opencl_to_qnn_pp256_tg16,switch,opencl,qnn-npu,pp256_tg16,256,16,1407,decode,1,false,,,,,
switch_opencl_to_qnn_pp256_tg16,switch,opencl,qnn-npu,pp256_tg16,256,16,1417,decode,1,false,,,,,
switch_opencl_to_qnn_pp256_tg16,switch,opencl,qnn-npu,pp256_tg16,256,16,1427,decode,1,false,,,,,
switch_opencl_to_qnn_pp256_tg16,switch,opencl,qnn-npu,pp256_tg16,256,16,1437,decode,1,false,,,,,
switch_opencl_to_qnn_pp256_tg16,switch,opencl,qnn-npu,pp256_tg16,256,16,1447,decode,1,false,,,,,
switch_opencl_to_qnn_pp256_tg16,switch,opencl,qnn-npu,pp256_tg16,256,16,1457,decode,1,false,,,,,
switch_opencl_to_qnn_pp256_tg16,switch,opencl,qnn-npu,pp256_tg16,256,16,1467,decode,1,false,,,,,
switch_opencl_to_qnn_pp256_tg16,switch,opencl,qnn-npu,pp256_tg16,256,16,1477,decode,1,false,,,,,
switch_opencl_to_qnn_pp256_tg16,switch,opencl,qnn-npu,pp256_tg16,256,16,1487,decode,1,false,,,,,
switch_opencl_to_qnn_pp256_tg16,switch,opencl,qnn-npu,pp256_tg16,256,16,1497,decode,1,false,,,,,
switch_opencl_to_qnn_pp256_tg16,switch,opencl,qnn-npu,pp256_tg16,256,16,1507,decode,1,false,,,,,
switch_opencl_to_qnn_pp256_tg16,switch,opencl,qnn-npu,pp256_tg16,256,16,1517,decode,1,false,,,,,
switch_opencl_to_qnn_pp256_tg16,switch,opencl,qnn-npu,pp256_tg16,256,16,1527,decode,1,false,,,,,
switch_opencl_to_qnn_pp256_tg16,switch,opencl,qnn-npu,pp256_tg16,256,16,1537,decode,1,false,,,,,
switch_opencl_to_qnn_pp256_tg16,switch,opencl,qnn-npu,pp256_tg16,256,16,1547,decode,1,false,,,,,
switch_opencl_to_qnn_pp256_tg16,switch,opencl,qnn-npu,pp256_tg16,256,16,2698,prefill,256,true,prefill,phase-prefill-route,2,16,"attn=opencl,ffn=opencl,output=opencl"
switch_opencl_to_qnn_pp256_tg16,switch,opencl,qnn-npu,pp256_tg16,256,16,2714,decode,1,true,decode,phase-decode-route,6,50,"attn=qnn-npu,ffn=qnn-npu,output=qnn-npu"
switch_opencl_to_qnn_pp256_tg16,switch,opencl,qnn-npu,pp256_tg16,256,16,2736,decode,1,false,,,,,
switch_opencl_to_qnn_pp256_tg16,switch,opencl,qnn-npu,pp256_tg16,256,16,2746,decode,1,false,,,,,
switch_opencl_to_qnn_pp256_tg16,switch,opencl,qnn-npu,pp256_tg16,256,16,2756,decode,1,false,,,,,
switch_opencl_to_qnn_pp256_tg16,switch,opencl,qnn-npu,pp256_tg16,256,16,2766,decode,1,false,,,,,
switch_opencl_to_qnn_pp256_tg16,switch,opencl,qnn-npu,pp256_tg16,256,16,2776,decode,1,false,,,,,
switch_opencl_to_qnn_pp256_tg16,switch,opencl,qnn-npu,pp256_tg16,256,16,2786,decode,1,false,,,,,
switch_opencl_to_qnn_pp256_tg16,switch,opencl,qnn-npu,pp256_tg16,256,16,2796,decode,1,false,,,,,
switch_opencl_to_qnn_pp256_tg16,switch,opencl,qnn-npu,pp256_tg16,256,16,2806,decode,1,false,,,,,
switch_opencl_to_qnn_pp256_tg16,switch,opencl,qnn-npu,pp256_tg16,256,16,2816,decode,1,false,,,,,
switch_opencl_to_qnn_pp256_tg16,switch,opencl,qnn-npu,pp256_tg16,256,16,2826,decode,1,false,,,,,
switch_opencl_to_qnn_pp256_tg16,switch,opencl,qnn-npu,pp256_tg16,256,16,2836,decode,1,false,,,,,
switch_opencl_to_qnn_pp256_tg16,switch,opencl,qnn-npu,pp256_tg16,256,16,2846,decode,1,false,,,,,
switch_opencl_to_qnn_pp256_tg16,switch,opencl,qnn-npu,pp256_tg16,256,16,2856,decode,1,false,,,,,
switch_opencl_to_qnn_pp256_tg16,switch,opencl,qnn-npu,pp256_tg16,256,16,2866,decode,1,false,,,,,
switch_opencl_to_qnn_pp256_tg16,switch,opencl,qnn-npu,pp256_tg16,256,16,2876,decode,1,false,,,,,
switch_opencl_to_qnn_pp256_tg32,switch,opencl,qnn-npu,pp256_tg32,256,32,1174,prefill,256,false,,,,,
switch_opencl_to_qnn_pp256_tg32,switch,opencl,qnn-npu,pp256_tg32,256,32,1383,decode,1,true,decode,phase-decode-route,4,26,"attn=qnn-npu,ffn=qnn-npu,output=qnn-npu"
switch_opencl_to_qnn_pp256_tg32,switch,opencl,qnn-npu,pp256_tg32,256,32,1407,decode,1,false,,,,,
switch_opencl_to_qnn_pp256_tg32,switch,opencl,qnn-npu,pp256_tg32,256,32,1417,decode,1,false,,,,,
switch_opencl_to_qnn_pp256_tg32,switch,opencl,qnn-npu,pp256_tg32,256,32,1427,decode,1,false,,,,,
switch_opencl_to_qnn_pp256_tg32,switch,opencl,qnn-npu,pp256_tg32,256,32,1437,decode,1,false,,,,,
switch_opencl_to_qnn_pp256_tg32,switch,opencl,qnn-npu,pp256_tg32,256,32,1447,decode,1,false,,,,,
switch_opencl_to_qnn_pp256_tg32,switch,opencl,qnn-npu,pp256_tg32,256,32,1457,decode,1,false,,,,,
switch_opencl_to_qnn_pp256_tg32,switch,opencl,qnn-npu,pp256_tg32,256,32,1467,decode,1,false,,,,,
switch_opencl_to_qnn_pp256_tg32,switch,opencl,qnn-npu,pp256_tg32,256,32,1477,decode,1,false,,,,,
switch_opencl_to_qnn_pp256_tg32,switch,opencl,qnn-npu,pp256_tg32,256,32,1487,decode,1,false,,,,,
switch_opencl_to_qnn_pp256_tg32,switch,opencl,qnn-npu,pp256_tg32,256,32,1497,decode,1,false,,,,,
switch_opencl_to_qnn_pp256_tg32,switch,opencl,qnn-npu,pp256_tg32,256,32,1507,decode,1,false,,,,,
switch_opencl_to_qnn_pp256_tg32,switch,opencl,qnn-npu,pp256_tg32,256,32,1517,decode,1,false,,,,,
switch_opencl_to_qnn_pp256_tg32,switch,opencl,qnn-npu,pp256_tg32,256,32,1527,decode,1,false,,,,,
switch_opencl_to_qnn_pp256_tg32,switch,opencl,qnn-npu,pp256_tg32,256,32,1537,decode,1,false,,,,,
switch_opencl_to_qnn_pp256_tg32,switch,opencl,qnn-npu,pp256_tg32,256,32,1547,decode,1,false,,,,,
switch_opencl_to_qnn_pp256_tg32,switch,opencl,qnn-npu,pp256_tg32,256,32,1557,decode,1,false,,,,,
switch_opencl_to_qnn_pp256_tg32,switch,opencl,qnn-npu,pp256_tg32,256,32,1567,decode,1,false,,,,,
switch_opencl_to_qnn_pp256_tg32,switch,opencl,qnn-npu,pp256_tg32,256,32,1577,decode,1,false,,,,,
switch_opencl_to_qnn_pp256_tg32,switch,opencl,qnn-npu,pp256_tg32,256,32,1587,decode,1,false,,,,,
switch_opencl_to_qnn_pp256_tg32,switch,opencl,qnn-npu,pp256_tg32,256,32,1597,decode,1,false,,,,,
switch_opencl_to_qnn_pp256_tg32,switch,opencl,qnn-npu,pp256_tg32,256,32,1607,decode,1,false,,,,,
switch_opencl_to_qnn_pp256_tg32,switch,opencl,qnn-npu,pp256_tg32,256,32,1617,decode,1,false,,,,,
switch_opencl_to_qnn_pp256_tg32,switch,opencl,qnn-npu,pp256_tg32,256,32,1627,decode,1,false,,,,,
switch_opencl_to_qnn_pp256_tg32,switch,opencl,qnn-npu,pp256_tg32,256,32,1637,decode,1,false,,,,,
switch_opencl_to_qnn_pp256_tg32,switch,opencl,qnn-npu,pp256_tg32,256,32,1647,decode,1,false,,,,,
switch_opencl_to_qnn_pp256_tg32,switch,opencl,qnn-npu,pp256_tg32,256,32,1657,decode,1,false,,,,,
switch_opencl_to_qnn_pp256_tg32,switch,opencl,qnn-npu,pp256_tg32,256,32,1667,decode,1,false,,,,,
switch_opencl_to_qnn_pp256_tg32,switch,opencl,qnn-npu,pp256_tg32,256,32,1677,decode,1,false,,,,,
switch_opencl_to_qnn_pp256_tg32,switch,opencl,qnn-npu,pp256_tg32,256,32,1687,decode,1,false,,,,,
switch_opencl_to_qnn_pp256_tg32,switch,opencl,qnn-npu,pp256_tg32,256,32,1697,decode,1,false,,,,,
switch_opencl_to_qnn_pp256_tg32,switch,opencl,qnn-npu,pp256_tg32,256,32,1707,decode,1,false,,,,,
switch_opencl_to_qnn_pp256_tg32,switch,opencl,qnn-npu,pp256_tg32,256,32,2858,prefill,256,true,prefill,phase-prefill-route,2,16,"attn=opencl,ffn=opencl,output=opencl"
switch_opencl_to_qnn_pp256_tg32,switch,opencl,qnn-npu,pp256_tg32,256,32,2874,decode,1,true,decode,phase-decode-route,4,27,"attn=qnn-npu,ffn=qnn-npu,output=qnn-npu"
switch_opencl_to_qnn_pp256_tg32,switch,opencl,qnn-npu,pp256_tg32,256,32,2896,decode,1,false,,,,,
switch_opencl_to_qnn_pp256_tg32,switch,opencl,qnn-npu,pp256_tg32,256,32,2906,decode,1,false,,,,,
switch_opencl_to_qnn_pp256_tg32,switch,opencl,qnn-npu,pp256_tg32,256,32,2916,decode,1,false,,,,,
switch_opencl_to_qnn_pp256_tg32,switch,opencl,qnn-npu,pp256_tg32,256,32,2926,decode,1,false,,,,,
switch_opencl_to_qnn_pp256_tg32,switch,opencl,qnn-npu,pp256_tg32,256,32,2936,decode,1,false,,,,,
switch_opencl_to_qnn_pp256_tg32,switch,opencl,qnn-npu,pp256_tg32,256,32,2946,decode,1,false,,,,,
switch_opencl_to_qnn_pp256_tg32,switch,opencl,qnn-npu,pp256_tg32,256,32,2956,decode,1,false,,,,,
switch_opencl_to_qnn_pp256_tg32,switch,opencl,qnn-npu,pp256_tg32,256,32,2966,decode,1,false,,,,,
switch_opencl_to_qnn_pp256_tg32,switch,opencl,qnn-npu,pp256_tg32,256,32,2976,decode,1,false,,,,,
switch_opencl_to_qnn_pp256_tg32,switch,opencl,qnn-npu,pp256_tg32,256,32,2986,decode,1,false,,,,,
switch_opencl_to_qnn_pp256_tg32,switch,opencl,qnn-npu,pp256_tg32,256,32,2996,decode,1,false,,,,,
switch_opencl_to_qnn_pp256_tg32,switch,opencl,qnn-npu,pp256_tg32,256,32,3006,decode,1,false,,,,,
switch_opencl_to_qnn_pp256_tg32,switch,opencl,qnn-npu,pp256_tg32,256,32,3016,decode,1,false,,,,,
switch_opencl_to_qnn_pp256_tg32,switch,opencl,qnn-npu,pp256_tg32,256,32,3026,decode,1,false,,,,,
switch_opencl_to_qnn_pp256_tg32,switch,opencl,qnn-npu,pp256_tg32,256,32,3036,decode,1,false,,,,,
switch_opencl_to_qnn_pp256_tg32,switch,opencl,qnn-npu,pp256_tg32,256,32,3046,decode,1,false,,,,,
switch_opencl_to_qnn_pp256_tg32,switch,opencl,qnn-npu,pp256_tg32,256,32,3056,decode,1,false,,,,,
switch_opencl_to_qnn_pp256_tg32,switch,opencl,qnn-npu,pp256_tg32,256,32,3066,decode,1,false,,,,,
switch_opencl_to_qnn_pp256_tg32,switch,opencl,qnn-npu,pp256_tg32,256,32,3076,decode,1,false,,,,,
switch_opencl_to_qnn_pp256_tg32,switch,opencl,qnn-npu,pp256_tg32,256,32,3086,decode,1,false,,,,,
switch_opencl_to_qnn_pp256_tg32,switch,opencl,qnn-npu,pp256_tg32,256,32,3096,decode,1,false,,,,,
switch_opencl_to_qnn_pp256_tg32,switch,opencl,qnn-npu,pp256_tg32,256,32,3106,decode,1,false,,,,,
switch_opencl_to_qnn_pp256_tg32,switch,opencl,qnn-npu,pp256_tg32,256,32,3116,decode,1,false,,,,,
switch_opencl_to_qnn_pp256_tg32,switch,opencl,qnn-npu,pp256_tg32,256,32,3126,decode,1,false,,,,,
switch_opencl_to_qnn_pp256_tg32,switch,opencl,qnn-npu,pp256_tg32,256,32,3136,decode,1,false,,,,,
switch_opencl_to_qnn_pp256_tg32,switch,opencl,qnn-npu,pp256_tg32,256,32,3146,decode,1,false,,,,,
switch_opencl_to_qnn_pp256_tg32,switch,opencl,qnn-npu,pp256_tg32,256,32,3156,decode,1,false,,,,,
switch_opencl_to_qnn_pp256_tg32,switch,opencl,qnn-npu,pp256_tg32,256,32,3166,decode,1,false,,,,,
switch_opencl_to_qnn_pp256_tg32,switch,opencl,qnn-npu,pp256_tg32,256,32,3176,decode,1,false,,,,,
switch_opencl_to_qnn_pp256_tg32,switch,opencl,qnn-npu,pp256_tg32,256,32,3186,decode,1,false,,,,,
switch_opencl_to_qnn_pp256_tg32,switch,opencl,qnn-npu,pp256_tg32,256,32,3196,decode,1,false,,,,,
switch_opencl_to_qnn_pp256_tg64,switch,opencl,qnn-npu,pp256_tg64,256,64,1174,prefill,256,false,,,,,
switch_opencl_to_qnn_pp256_tg64,switch,opencl,qnn-npu,pp256_tg64,256,64,1383,decode,1,true,decode,phase-decode-route,4,15,"attn=qnn-npu,ffn=qnn-npu,output=qnn-npu"
switch_opencl_to_qnn_pp256_tg64,switch,opencl,qnn-npu,pp256_tg64,256,64,1407,decode,1,false,,,,,
switch_opencl_to_qnn_pp256_tg64,switch,opencl,qnn-npu,pp256_tg64,256,64,1417,decode,1,false,,,,,
switch_opencl_to_qnn_pp256_tg64,switch,opencl,qnn-npu,pp256_tg64,256,64,1427,decode,1,false,,,,,
switch_opencl_to_qnn_pp256_tg64,switch,opencl,qnn-npu,pp256_tg64,256,64,1437,decode,1,false,,,,,
switch_opencl_to_qnn_pp256_tg64,switch,opencl,qnn-npu,pp256_tg64,256,64,1447,decode,1,false,,,,,
switch_opencl_to_qnn_pp256_tg64,switch,opencl,qnn-npu,pp256_tg64,256,64,1457,decode,1,false,,,,,
switch_opencl_to_qnn_pp256_tg64,switch,opencl,qnn-npu,pp256_tg64,256,64,1467,decode,1,false,,,,,
switch_opencl_to_qnn_pp256_tg64,switch,opencl,qnn-npu,pp256_tg64,256,64,1477,decode,1,false,,,,,
switch_opencl_to_qnn_pp256_tg64,switch,opencl,qnn-npu,pp256_tg64,256,64,1487,decode,1,false,,,,,
switch_opencl_to_qnn_pp256_tg64,switch,opencl,qnn-npu,pp256_tg64,256,64,1497,decode,1,false,,,,,
switch_opencl_to_qnn_pp256_tg64,switch,opencl,qnn-npu,pp256_tg64,256,64,1507,decode,1,false,,,,,
switch_opencl_to_qnn_pp256_tg64,switch,opencl,qnn-npu,pp256_tg64,256,64,1517,decode,1,false,,,,,
switch_opencl_to_qnn_pp256_tg64,switch,opencl,qnn-npu,pp256_tg64,256,64,1527,decode,1,false,,,,,
switch_opencl_to_qnn_pp256_tg64,switch,opencl,qnn-npu,pp256_tg64,256,64,1537,decode,1,false,,,,,
switch_opencl_to_qnn_pp256_tg64,switch,opencl,qnn-npu,pp256_tg64,256,64,1547,decode,1,false,,,,,
switch_opencl_to_qnn_pp256_tg64,switch,opencl,qnn-npu,pp256_tg64,256,64,1557,decode,1,false,,,,,
switch_opencl_to_qnn_pp256_tg64,switch,opencl,qnn-npu,pp256_tg64,256,64,1567,decode,1,false,,,,,
switch_opencl_to_qnn_pp256_tg64,switch,opencl,qnn-npu,pp256_tg64,256,64,1577,decode,1,false,,,,,
switch_opencl_to_qnn_pp256_tg64,switch,opencl,qnn-npu,pp256_tg64,256,64,1587,decode,1,false,,,,,
switch_opencl_to_qnn_pp256_tg64,switch,opencl,qnn-npu,pp256_tg64,256,64,1597,decode,1,false,,,,,
switch_opencl_to_qnn_pp256_tg64,switch,opencl,qnn-npu,pp256_tg64,256,64,1607,decode,1,false,,,,,
switch_opencl_to_qnn_pp256_tg64,switch,opencl,qnn-npu,pp256_tg64,256,64,1617,decode,1,false,,,,,
switch_opencl_to_qnn_pp256_tg64,switch,opencl,qnn-npu,pp256_tg64,256,64,1627,decode,1,false,,,,,
switch_opencl_to_qnn_pp256_tg64,switch,opencl,qnn-npu,pp256_tg64,256,64,1637,decode,1,false,,,,,
switch_opencl_to_qnn_pp256_tg64,switch,opencl,qnn-npu,pp256_tg64,256,64,1647,decode,1,false,,,,,
switch_opencl_to_qnn_pp256_tg64,switch,opencl,qnn-npu,pp256_tg64,256,64,1657,decode,1,false,,,,,
switch_opencl_to_qnn_pp256_tg64,switch,opencl,qnn-npu,pp256_tg64,256,64,1667,decode,1,false,,,,,
switch_opencl_to_qnn_pp256_tg64,switch,opencl,qnn-npu,pp256_tg64,256,64,1677,decode,1,false,,,,,
switch_opencl_to_qnn_pp256_tg64,switch,opencl,qnn-npu,pp256_tg64,256,64,1687,decode,1,false,,,,,
switch_opencl_to_qnn_pp256_tg64,switch,opencl,qnn-npu,pp256_tg64,256,64,1697,decode,1,false,,,,,
switch_opencl_to_qnn_pp256_tg64,switch,opencl,qnn-npu,pp256_tg64,256,64,1707,decode,1,false,,,,,
switch_opencl_to_qnn_pp256_tg64,switch,opencl,qnn-npu,pp256_tg64,256,64,1717,decode,1,false,,,,,
switch_opencl_to_qnn_pp256_tg64,switch,opencl,qnn-npu,pp256_tg64,256,64,1727,decode,1,false,,,,,
switch_opencl_to_qnn_pp256_tg64,switch,opencl,qnn-npu,pp256_tg64,256,64,1737,decode,1,false,,,,,
switch_opencl_to_qnn_pp256_tg64,switch,opencl,qnn-npu,pp256_tg64,256,64,1747,decode,1,false,,,,,
switch_opencl_to_qnn_pp256_tg64,switch,opencl,qnn-npu,pp256_tg64,256,64,1757,decode,1,false,,,,,
switch_opencl_to_qnn_pp256_tg64,switch,opencl,qnn-npu,pp256_tg64,256,64,1767,decode,1,false,,,,,
switch_opencl_to_qnn_pp256_tg64,switch,opencl,qnn-npu,pp256_tg64,256,64,1777,decode,1,false,,,,,
switch_opencl_to_qnn_pp256_tg64,switch,opencl,qnn-npu,pp256_tg64,256,64,1787,decode,1,false,,,,,
switch_opencl_to_qnn_pp256_tg64,switch,opencl,qnn-npu,pp256_tg64,256,64,1797,decode,1,false,,,,,
switch_opencl_to_qnn_pp256_tg64,switch,opencl,qnn-npu,pp256_tg64,256,64,1807,decode,1,false,,,,,
switch_opencl_to_qnn_pp256_tg64,switch,opencl,qnn-npu,pp256_tg64,256,64,1817,decode,1,false,,,,,
switch_opencl_to_qnn_pp256_tg64,switch,opencl,qnn-npu,pp256_tg64,256,64,1827,decode,1,false,,,,,
switch_opencl_to_qnn_pp256_tg64,switch,opencl,qnn-npu,pp256_tg64,256,64,1837,decode,1,false,,,,,
switch_opencl_to_qnn_pp256_tg64,switch,opencl,qnn-npu,pp256_tg64,256,64,1847,decode,1,false,,,,,
switch_opencl_to_qnn_pp256_tg64,switch,opencl,qnn-npu,pp256_tg64,256,64,1857,decode,1,false,,,,,
switch_opencl_to_qnn_pp256_tg64,switch,opencl,qnn-npu,pp256_tg64,256,64,1867,decode,1,false,,,,,
switch_opencl_to_qnn_pp256_tg64,switch,opencl,qnn-npu,pp256_tg64,256,64,1877,decode,1,false,,,,,
switch_opencl_to_qnn_pp256_tg64,switch,opencl,qnn-npu,pp256_tg64,256,64,1887,decode,1,false,,,,,
switch_opencl_to_qnn_pp256_tg64,switch,opencl,qnn-npu,pp256_tg64,256,64,1897,decode,1,false,,,,,
switch_opencl_to_qnn_pp256_tg64,switch,opencl,qnn-npu,pp256_tg64,256,64,1907,decode,1,false,,,,,
switch_opencl_to_qnn_pp256_tg64,switch,opencl,qnn-npu,pp256_tg64,256,64,1917,decode,1,false,,,,,
switch_opencl_to_qnn_pp256_tg64,switch,opencl,qnn-npu,pp256_tg64,256,64,1927,decode,1,false,,,,,
switch_opencl_to_qnn_pp256_tg64,switch,opencl,qnn-npu,pp256_tg64,256,64,1937,decode,1,false,,,,,
switch_opencl_to_qnn_pp256_tg64,switch,opencl,qnn-npu,pp256_tg64,256,64,1947,decode,1,false,,,,,
switch_opencl_to_qnn_pp256_tg64,switch,opencl,qnn-npu,pp256_tg64,256,64,1957,decode,1,false,,,,,
switch_opencl_to_qnn_pp256_tg64,switch,opencl,qnn-npu,pp256_tg64,256,64,1967,decode,1,false,,,,,
switch_opencl_to_qnn_pp256_tg64,switch,opencl,qnn-npu,pp256_tg64,256,64,1977,decode,1,false,,,,,
switch_opencl_to_qnn_pp256_tg64,switch,opencl,qnn-npu,pp256_tg64,256,64,1987,decode,1,false,,,,,
switch_opencl_to_qnn_pp256_tg64,switch,opencl,qnn-npu,pp256_tg64,256,64,1997,decode,1,false,,,,,
switch_opencl_to_qnn_pp256_tg64,switch,opencl,qnn-npu,pp256_tg64,256,64,2007,decode,1,false,,,,,
switch_opencl_to_qnn_pp256_tg64,switch,opencl,qnn-npu,pp256_tg64,256,64,2017,decode,1,false,,,,,
switch_opencl_to_qnn_pp256_tg64,switch,opencl,qnn-npu,pp256_tg64,256,64,2027,decode,1,false,,,,,
switch_opencl_to_qnn_pp256_tg64,switch,opencl,qnn-npu,pp256_tg64,256,64,3178,prefill,256,true,prefill,phase-prefill-route,2,16,"attn=opencl,ffn=opencl,output=opencl"
switch_opencl_to_qnn_pp256_tg64,switch,opencl,qnn-npu,pp256_tg64,256,64,3194,decode,1,true,decode,phase-decode-route,6,29,"attn=qnn-npu,ffn=qnn-npu,output=qnn-npu"
switch_opencl_to_qnn_pp256_tg64,switch,opencl,qnn-npu,pp256_tg64,256,64,3216,decode,1,false,,,,,
switch_opencl_to_qnn_pp256_tg64,switch,opencl,qnn-npu,pp256_tg64,256,64,3226,decode,1,false,,,,,
switch_opencl_to_qnn_pp256_tg64,switch,opencl,qnn-npu,pp256_tg64,256,64,3236,decode,1,false,,,,,
switch_opencl_to_qnn_pp256_tg64,switch,opencl,qnn-npu,pp256_tg64,256,64,3246,decode,1,false,,,,,
switch_opencl_to_qnn_pp256_tg64,switch,opencl,qnn-npu,pp256_tg64,256,64,3256,decode,1,false,,,,,
switch_opencl_to_qnn_pp256_tg64,switch,opencl,qnn-npu,pp256_tg64,256,64,3266,decode,1,false,,,,,
switch_opencl_to_qnn_pp256_tg64,switch,opencl,qnn-npu,pp256_tg64,256,64,3276,decode,1,false,,,,,
switch_opencl_to_qnn_pp256_tg64,switch,opencl,qnn-npu,pp256_tg64,256,64,3286,decode,1,false,,,,,
switch_opencl_to_qnn_pp256_tg64,switch,opencl,qnn-npu,pp256_tg64,256,64,3296,decode,1,false,,,,,
switch_opencl_to_qnn_pp256_tg64,switch,opencl,qnn-npu,pp256_tg64,256,64,3306,decode,1,false,,,,,
switch_opencl_to_qnn_pp256_tg64,switch,opencl,qnn-npu,pp256_tg64,256,64,3316,decode,1,false,,,,,
switch_opencl_to_qnn_pp256_tg64,switch,opencl,qnn-npu,pp256_tg64,256,64,3326,decode,1,false,,,,,
switch_opencl_to_qnn_pp256_tg64,switch,opencl,qnn-npu,pp256_tg64,256,64,3336,decode,1,false,,,,,
switch_opencl_to_qnn_pp256_tg64,switch,opencl,qnn-npu,pp256_tg64,256,64,3346,decode,1,false,,,,,
switch_opencl_to_qnn_pp256_tg64,switch,opencl,qnn-npu,pp256_tg64,256,64,3356,decode,1,false,,,,,
switch_opencl_to_qnn_pp256_tg64,switch,opencl,qnn-npu,pp256_tg64,256,64,3366,decode,1,false,,,,,
switch_opencl_to_qnn_pp256_tg64,switch,opencl,qnn-npu,pp256_tg64,256,64,3376,decode,1,false,,,,,
switch_opencl_to_qnn_pp256_tg64,switch,opencl,qnn-npu,pp256_tg64,256,64,3386,decode,1,false,,,,,
switch_opencl_to_qnn_pp256_tg64,switch,opencl,qnn-npu,pp256_tg64,256,64,3396,decode,1,false,,,,,
switch_opencl_to_qnn_pp256_tg64,switch,opencl,qnn-npu,pp256_tg64,256,64,3406,decode,1,false,,,,,
switch_opencl_to_qnn_pp256_tg64,switch,opencl,qnn-npu,pp256_tg64,256,64,3416,decode,1,false,,,,,
switch_opencl_to_qnn_pp256_tg64,switch,opencl,qnn-npu,pp256_tg64,256,64,3426,decode,1,false,,,,,
switch_opencl_to_qnn_pp256_tg64,switch,opencl,qnn-npu,pp256_tg64,256,64,3436,decode,1,false,,,,,
switch_opencl_to_qnn_pp256_tg64,switch,opencl,qnn-npu,pp256_tg64,256,64,3446,decode,1,false,,,,,
switch_opencl_to_qnn_pp256_tg64,switch,opencl,qnn-npu,pp256_tg64,256,64,3456,decode,1,false,,,,,
switch_opencl_to_qnn_pp256_tg64,switch,opencl,qnn-npu,pp256_tg64,256,64,3466,decode,1,false,,,,,
switch_opencl_to_qnn_pp256_tg64,switch,opencl,qnn-npu,pp256_tg64,256,64,3476,decode,1,false,,,,,
switch_opencl_to_qnn_pp256_tg64,switch,opencl,qnn-npu,pp256_tg64,256,64,3486,decode,1,false,,,,,
switch_opencl_to_qnn_pp256_tg64,switch,opencl,qnn-npu,pp256_tg64,256,64,3496,decode,1,false,,,,,
switch_opencl_to_qnn_pp256_tg64,switch,opencl,qnn-npu,pp256_tg64,256,64,3506,decode,1,false,,,,,
switch_opencl_to_qnn_pp256_tg64,switch,opencl,qnn-npu,pp256_tg64,256,64,3516,decode,1,false,,,,,
switch_opencl_to_qnn_pp256_tg64,switch,opencl,qnn-npu,pp256_tg64,256,64,3526,decode,1,false,,,,,
switch_opencl_to_qnn_pp256_tg64,switch,opencl,qnn-npu,pp256_tg64,256,64,3536,decode,1,false,,,,,
switch_opencl_to_qnn_pp256_tg64,switch,opencl,qnn-npu,pp256_tg64,256,64,3546,decode,1,false,,,,,
switch_opencl_to_qnn_pp256_tg64,switch,opencl,qnn-npu,pp256_tg64,256,64,3556,decode,1,false,,,,,
switch_opencl_to_qnn_pp256_tg64,switch,opencl,qnn-npu,pp256_tg64,256,64,3566,decode,1,false,,,,,
switch_opencl_to_qnn_pp256_tg64,switch,opencl,qnn-npu,pp256_tg64,256,64,3576,decode,1,false,,,,,
switch_opencl_to_qnn_pp256_tg64,switch,opencl,qnn-npu,pp256_tg64,256,64,3586,decode,1,false,,,,,
switch_opencl_to_qnn_pp256_tg64,switch,opencl,qnn-npu,pp256_tg64,256,64,3596,decode,1,false,,,,,
switch_opencl_to_qnn_pp256_tg64,switch,opencl,qnn-npu,pp256_tg64,256,64,3606,decode,1,false,,,,,
switch_opencl_to_qnn_pp256_tg64,switch,opencl,qnn-npu,pp256_tg64,256,64,3616,decode,1,false,,,,,
switch_opencl_to_qnn_pp256_tg64,switch,opencl,qnn-npu,pp256_tg64,256,64,3626,decode,1,false,,,,,
switch_opencl_to_qnn_pp256_tg64,switch,opencl,qnn-npu,pp256_tg64,256,64,3636,decode,1,false,,,,,
switch_opencl_to_qnn_pp256_tg64,switch,opencl,qnn-npu,pp256_tg64,256,64,3646,decode,1,false,,,,,
switch_opencl_to_qnn_pp256_tg64,switch,opencl,qnn-npu,pp256_tg64,256,64,3656,decode,1,false,,,,,
switch_opencl_to_qnn_pp256_tg64,switch,opencl,qnn-npu,pp256_tg64,256,64,3666,decode,1,false,,,,,
switch_opencl_to_qnn_pp256_tg64,switch,opencl,qnn-npu,pp256_tg64,256,64,3676,decode,1,false,,,,,
switch_opencl_to_qnn_pp256_tg64,switch,opencl,qnn-npu,pp256_tg64,256,64,3686,decode,1,false,,,,,
switch_opencl_to_qnn_pp256_tg64,switch,opencl,qnn-npu,pp256_tg64,256,64,3696,decode,1,false,,,,,
switch_opencl_to_qnn_pp256_tg64,switch,opencl,qnn-npu,pp256_tg64,256,64,3706,decode,1,false,,,,,
switch_opencl_to_qnn_pp256_tg64,switch,opencl,qnn-npu,pp256_tg64,256,64,3716,decode,1,false,,,,,
switch_opencl_to_qnn_pp256_tg64,switch,opencl,qnn-npu,pp256_tg64,256,64,3726,decode,1,false,,,,,
switch_opencl_to_qnn_pp256_tg64,switch,opencl,qnn-npu,pp256_tg64,256,64,3736,decode,1,false,,,,,
switch_opencl_to_qnn_pp256_tg64,switch,opencl,qnn-npu,pp256_tg64,256,64,3746,decode,1,false,,,,,
switch_opencl_to_qnn_pp256_tg64,switch,opencl,qnn-npu,pp256_tg64,256,64,3756,decode,1,false,,,,,
switch_opencl_to_qnn_pp256_tg64,switch,opencl,qnn-npu,pp256_tg64,256,64,3766,decode,1,false,,,,,
switch_opencl_to_qnn_pp256_tg64,switch,opencl,qnn-npu,pp256_tg64,256,64,3776,decode,1,false,,,,,
switch_opencl_to_qnn_pp256_tg64,switch,opencl,qnn-npu,pp256_tg64,256,64,3786,decode,1,false,,,,,
switch_opencl_to_qnn_pp256_tg64,switch,opencl,qnn-npu,pp256_tg64,256,64,3796,decode,1,false,,,,,
switch_opencl_to_qnn_pp256_tg64,switch,opencl,qnn-npu,pp256_tg64,256,64,3806,decode,1,false,,,,,
switch_opencl_to_qnn_pp256_tg64,switch,opencl,qnn-npu,pp256_tg64,256,64,3816,decode,1,false,,,,,
switch_opencl_to_qnn_pp256_tg64,switch,opencl,qnn-npu,pp256_tg64,256,64,3826,decode,1,false,,,,,
switch_opencl_to_qnn_pp256_tg64,switch,opencl,qnn-npu,pp256_tg64,256,64,3836,decode,1,false,,,,,
switch_opencl_to_qnn_pp512_tg16,switch,opencl,qnn-npu,pp512_tg16,512,16,1174,prefill,512,false,,,,,
switch_opencl_to_qnn_pp512_tg16,switch,opencl,qnn-npu,pp512_tg16,512,16,1383,decode,1,true,decode,phase-decode-route,5,61,"attn=qnn-npu,ffn=qnn-npu,output=qnn-npu"
switch_opencl_to_qnn_pp512_tg16,switch,opencl,qnn-npu,pp512_tg16,512,16,1407,decode,1,false,,,,,
switch_opencl_to_qnn_pp512_tg16,switch,opencl,qnn-npu,pp512_tg16,512,16,1417,decode,1,false,,,,,
switch_opencl_to_qnn_pp512_tg16,switch,opencl,qnn-npu,pp512_tg16,512,16,1427,decode,1,false,,,,,
switch_opencl_to_qnn_pp512_tg16,switch,opencl,qnn-npu,pp512_tg16,512,16,1437,decode,1,false,,,,,
switch_opencl_to_qnn_pp512_tg16,switch,opencl,qnn-npu,pp512_tg16,512,16,1447,decode,1,false,,,,,
switch_opencl_to_qnn_pp512_tg16,switch,opencl,qnn-npu,pp512_tg16,512,16,1457,decode,1,false,,,,,
switch_opencl_to_qnn_pp512_tg16,switch,opencl,qnn-npu,pp512_tg16,512,16,1467,decode,1,false,,,,,
switch_opencl_to_qnn_pp512_tg16,switch,opencl,qnn-npu,pp512_tg16,512,16,1477,decode,1,false,,,,,
switch_opencl_to_qnn_pp512_tg16,switch,opencl,qnn-npu,pp512_tg16,512,16,1487,decode,1,false,,,,,
switch_opencl_to_qnn_pp512_tg16,switch,opencl,qnn-npu,pp512_tg16,512,16,1497,decode,1,false,,,,,
switch_opencl_to_qnn_pp512_tg16,switch,opencl,qnn-npu,pp512_tg16,512,16,1507,decode,1,false,,,,,
switch_opencl_to_qnn_pp512_tg16,switch,opencl,qnn-npu,pp512_tg16,512,16,1517,decode,1,false,,,,,
switch_opencl_to_qnn_pp512_tg16,switch,opencl,qnn-npu,pp512_tg16,512,16,1527,decode,1,false,,,,,
switch_opencl_to_qnn_pp512_tg16,switch,opencl,qnn-npu,pp512_tg16,512,16,1537,decode,1,false,,,,,
switch_opencl_to_qnn_pp512_tg16,switch,opencl,qnn-npu,pp512_tg16,512,16,1547,decode,1,false,,,,,
switch_opencl_to_qnn_pp512_tg16,switch,opencl,qnn-npu,pp512_tg16,512,16,2698,prefill,512,true,prefill,phase-prefill-route,2,17,"attn=opencl,ffn=opencl,output=opencl"
switch_opencl_to_qnn_pp512_tg16,switch,opencl,qnn-npu,pp512_tg16,512,16,2714,decode,1,true,decode,phase-decode-route,4,45,"attn=qnn-npu,ffn=qnn-npu,output=qnn-npu"
switch_opencl_to_qnn_pp512_tg16,switch,opencl,qnn-npu,pp512_tg16,512,16,2736,decode,1,false,,,,,
switch_opencl_to_qnn_pp512_tg16,switch,opencl,qnn-npu,pp512_tg16,512,16,2746,decode,1,false,,,,,
switch_opencl_to_qnn_pp512_tg16,switch,opencl,qnn-npu,pp512_tg16,512,16,2756,decode,1,false,,,,,
switch_opencl_to_qnn_pp512_tg16,switch,opencl,qnn-npu,pp512_tg16,512,16,2766,decode,1,false,,,,,
switch_opencl_to_qnn_pp512_tg16,switch,opencl,qnn-npu,pp512_tg16,512,16,2776,decode,1,false,,,,,
switch_opencl_to_qnn_pp512_tg16,switch,opencl,qnn-npu,pp512_tg16,512,16,2786,decode,1,false,,,,,
switch_opencl_to_qnn_pp512_tg16,switch,opencl,qnn-npu,pp512_tg16,512,16,2796,decode,1,false,,,,,
switch_opencl_to_qnn_pp512_tg16,switch,opencl,qnn-npu,pp512_tg16,512,16,2806,decode,1,false,,,,,
switch_opencl_to_qnn_pp512_tg16,switch,opencl,qnn-npu,pp512_tg16,512,16,2816,decode,1,false,,,,,
switch_opencl_to_qnn_pp512_tg16,switch,opencl,qnn-npu,pp512_tg16,512,16,2826,decode,1,false,,,,,
switch_opencl_to_qnn_pp512_tg16,switch,opencl,qnn-npu,pp512_tg16,512,16,2836,decode,1,false,,,,,
switch_opencl_to_qnn_pp512_tg16,switch,opencl,qnn-npu,pp512_tg16,512,16,2846,decode,1,false,,,,,
switch_opencl_to_qnn_pp512_tg16,switch,opencl,qnn-npu,pp512_tg16,512,16,2856,decode,1,false,,,,,
switch_opencl_to_qnn_pp512_tg16,switch,opencl,qnn-npu,pp512_tg16,512,16,2866,decode,1,false,,,,,
switch_opencl_to_qnn_pp512_tg16,switch,opencl,qnn-npu,pp512_tg16,512,16,2876,decode,1,false,,,,,
switch_opencl_to_qnn_pp512_tg32,switch,opencl,qnn-npu,pp512_tg32,512,32,1174,prefill,512,false,,,,,
switch_opencl_to_qnn_pp512_tg32,switch,opencl,qnn-npu,pp512_tg32,512,32,1383,decode,1,true,decode,phase-decode-route,3,56,"attn=qnn-npu,ffn=qnn-npu,output=qnn-npu"
switch_opencl_to_qnn_pp512_tg32,switch,opencl,qnn-npu,pp512_tg32,512,32,1407,decode,1,false,,,,,
switch_opencl_to_qnn_pp512_tg32,switch,opencl,qnn-npu,pp512_tg32,512,32,1417,decode,1,false,,,,,
switch_opencl_to_qnn_pp512_tg32,switch,opencl,qnn-npu,pp512_tg32,512,32,1427,decode,1,false,,,,,
switch_opencl_to_qnn_pp512_tg32,switch,opencl,qnn-npu,pp512_tg32,512,32,1437,decode,1,false,,,,,
switch_opencl_to_qnn_pp512_tg32,switch,opencl,qnn-npu,pp512_tg32,512,32,1447,decode,1,false,,,,,
switch_opencl_to_qnn_pp512_tg32,switch,opencl,qnn-npu,pp512_tg32,512,32,1457,decode,1,false,,,,,
switch_opencl_to_qnn_pp512_tg32,switch,opencl,qnn-npu,pp512_tg32,512,32,1467,decode,1,false,,,,,
switch_opencl_to_qnn_pp512_tg32,switch,opencl,qnn-npu,pp512_tg32,512,32,1477,decode,1,false,,,,,
switch_opencl_to_qnn_pp512_tg32,switch,opencl,qnn-npu,pp512_tg32,512,32,1487,decode,1,false,,,,,
switch_opencl_to_qnn_pp512_tg32,switch,opencl,qnn-npu,pp512_tg32,512,32,1497,decode,1,false,,,,,
switch_opencl_to_qnn_pp512_tg32,switch,opencl,qnn-npu,pp512_tg32,512,32,1507,decode,1,false,,,,,
switch_opencl_to_qnn_pp512_tg32,switch,opencl,qnn-npu,pp512_tg32,512,32,1517,decode,1,false,,,,,
switch_opencl_to_qnn_pp512_tg32,switch,opencl,qnn-npu,pp512_tg32,512,32,1527,decode,1,false,,,,,
switch_opencl_to_qnn_pp512_tg32,switch,opencl,qnn-npu,pp512_tg32,512,32,1537,decode,1,false,,,,,
switch_opencl_to_qnn_pp512_tg32,switch,opencl,qnn-npu,pp512_tg32,512,32,1547,decode,1,false,,,,,
switch_opencl_to_qnn_pp512_tg32,switch,opencl,qnn-npu,pp512_tg32,512,32,1557,decode,1,false,,,,,
switch_opencl_to_qnn_pp512_tg32,switch,opencl,qnn-npu,pp512_tg32,512,32,1567,decode,1,false,,,,,
switch_opencl_to_qnn_pp512_tg32,switch,opencl,qnn-npu,pp512_tg32,512,32,1577,decode,1,false,,,,,
switch_opencl_to_qnn_pp512_tg32,switch,opencl,qnn-npu,pp512_tg32,512,32,1587,decode,1,false,,,,,
switch_opencl_to_qnn_pp512_tg32,switch,opencl,qnn-npu,pp512_tg32,512,32,1597,decode,1,false,,,,,
switch_opencl_to_qnn_pp512_tg32,switch,opencl,qnn-npu,pp512_tg32,512,32,1607,decode,1,false,,,,,
switch_opencl_to_qnn_pp512_tg32,switch,opencl,qnn-npu,pp512_tg32,512,32,1617,decode,1,false,,,,,
switch_opencl_to_qnn_pp512_tg32,switch,opencl,qnn-npu,pp512_tg32,512,32,1627,decode,1,false,,,,,
switch_opencl_to_qnn_pp512_tg32,switch,opencl,qnn-npu,pp512_tg32,512,32,1637,decode,1,false,,,,,
switch_opencl_to_qnn_pp512_tg32,switch,opencl,qnn-npu,pp512_tg32,512,32,1647,decode,1,false,,,,,
switch_opencl_to_qnn_pp512_tg32,switch,opencl,qnn-npu,pp512_tg32,512,32,1657,decode,1,false,,,,,
switch_opencl_to_qnn_pp512_tg32,switch,opencl,qnn-npu,pp512_tg32,512,32,1667,decode,1,false,,,,,
switch_opencl_to_qnn_pp512_tg32,switch,opencl,qnn-npu,pp512_tg32,512,32,1677,decode,1,false,,,,,
switch_opencl_to_qnn_pp512_tg32,switch,opencl,qnn-npu,pp512_tg32,512,32,1687,decode,1,false,,,,,
switch_opencl_to_qnn_pp512_tg32,switch,opencl,qnn-npu,pp512_tg32,512,32,1697,decode,1,false,,,,,
switch_opencl_to_qnn_pp512_tg32,switch,opencl,qnn-npu,pp512_tg32,512,32,1707,decode,1,false,,,,,
switch_opencl_to_qnn_pp512_tg32,switch,opencl,qnn-npu,pp512_tg32,512,32,2858,prefill,512,true,prefill,phase-prefill-route,2,5,"attn=opencl,ffn=opencl,output=opencl"
switch_opencl_to_qnn_pp512_tg32,switch,opencl,qnn-npu,pp512_tg32,512,32,2874,decode,1,true,decode,phase-decode-route,4,1751,"attn=qnn-npu,ffn=qnn-npu,output=qnn-npu"
switch_opencl_to_qnn_pp512_tg32,switch,opencl,qnn-npu,pp512_tg32,512,32,2896,decode,1,false,,,,,
switch_opencl_to_qnn_pp512_tg32,switch,opencl,qnn-npu,pp512_tg32,512,32,2906,decode,1,false,,,,,
switch_opencl_to_qnn_pp512_tg32,switch,opencl,qnn-npu,pp512_tg32,512,32,2916,decode,1,false,,,,,
switch_opencl_to_qnn_pp512_tg32,switch,opencl,qnn-npu,pp512_tg32,512,32,2926,decode,1,false,,,,,
switch_opencl_to_qnn_pp512_tg32,switch,opencl,qnn-npu,pp512_tg32,512,32,2936,decode,1,false,,,,,
switch_opencl_to_qnn_pp512_tg32,switch,opencl,qnn-npu,pp512_tg32,512,32,2946,decode,1,false,,,,,
switch_opencl_to_qnn_pp512_tg32,switch,opencl,qnn-npu,pp512_tg32,512,32,2956,decode,1,false,,,,,
switch_opencl_to_qnn_pp512_tg32,switch,opencl,qnn-npu,pp512_tg32,512,32,2966,decode,1,false,,,,,
switch_opencl_to_qnn_pp512_tg32,switch,opencl,qnn-npu,pp512_tg32,512,32,2976,decode,1,false,,,,,
switch_opencl_to_qnn_pp512_tg32,switch,opencl,qnn-npu,pp512_tg32,512,32,2986,decode,1,false,,,,,
switch_opencl_to_qnn_pp512_tg32,switch,opencl,qnn-npu,pp512_tg32,512,32,2996,decode,1,false,,,,,
switch_opencl_to_qnn_pp512_tg32,switch,opencl,qnn-npu,pp512_tg32,512,32,3006,decode,1,false,,,,,
switch_opencl_to_qnn_pp512_tg32,switch,opencl,qnn-npu,pp512_tg32,512,32,3016,decode,1,false,,,,,
switch_opencl_to_qnn_pp512_tg32,switch,opencl,qnn-npu,pp512_tg32,512,32,3026,decode,1,false,,,,,
switch_opencl_to_qnn_pp512_tg32,switch,opencl,qnn-npu,pp512_tg32,512,32,3036,decode,1,false,,,,,
switch_opencl_to_qnn_pp512_tg32,switch,opencl,qnn-npu,pp512_tg32,512,32,3046,decode,1,false,,,,,
switch_opencl_to_qnn_pp512_tg32,switch,opencl,qnn-npu,pp512_tg32,512,32,3056,decode,1,false,,,,,
switch_opencl_to_qnn_pp512_tg32,switch,opencl,qnn-npu,pp512_tg32,512,32,3066,decode,1,false,,,,,
switch_opencl_to_qnn_pp512_tg32,switch,opencl,qnn-npu,pp512_tg32,512,32,3076,decode,1,false,,,,,
switch_opencl_to_qnn_pp512_tg32,switch,opencl,qnn-npu,pp512_tg32,512,32,3086,decode,1,false,,,,,
switch_opencl_to_qnn_pp512_tg32,switch,opencl,qnn-npu,pp512_tg32,512,32,3096,decode,1,false,,,,,
switch_opencl_to_qnn_pp512_tg32,switch,opencl,qnn-npu,pp512_tg32,512,32,3106,decode,1,false,,,,,
switch_opencl_to_qnn_pp512_tg32,switch,opencl,qnn-npu,pp512_tg32,512,32,3116,decode,1,false,,,,,
switch_opencl_to_qnn_pp512_tg32,switch,opencl,qnn-npu,pp512_tg32,512,32,3126,decode,1,false,,,,,
switch_opencl_to_qnn_pp512_tg32,switch,opencl,qnn-npu,pp512_tg32,512,32,3136,decode,1,false,,,,,
switch_opencl_to_qnn_pp512_tg32,switch,opencl,qnn-npu,pp512_tg32,512,32,3146,decode,1,false,,,,,
switch_opencl_to_qnn_pp512_tg32,switch,opencl,qnn-npu,pp512_tg32,512,32,3156,decode,1,false,,,,,
switch_opencl_to_qnn_pp512_tg32,switch,opencl,qnn-npu,pp512_tg32,512,32,3166,decode,1,false,,,,,
switch_opencl_to_qnn_pp512_tg32,switch,opencl,qnn-npu,pp512_tg32,512,32,3176,decode,1,false,,,,,
switch_opencl_to_qnn_pp512_tg32,switch,opencl,qnn-npu,pp512_tg32,512,32,3186,decode,1,false,,,,,
switch_opencl_to_qnn_pp512_tg32,switch,opencl,qnn-npu,pp512_tg32,512,32,3196,decode,1,false,,,,,
switch_opencl_to_qnn_pp512_tg64,switch,opencl,qnn-npu,pp512_tg64,512,64,1174,prefill,512,false,,,,,
switch_opencl_to_qnn_pp512_tg64,switch,opencl,qnn-npu,pp512_tg64,512,64,1383,decode,1,true,decode,phase-decode-route,4,59,"attn=qnn-npu,ffn=qnn-npu,output=qnn-npu"
switch_opencl_to_qnn_pp512_tg64,switch,opencl,qnn-npu,pp512_tg64,512,64,1407,decode,1,false,,,,,
switch_opencl_to_qnn_pp512_tg64,switch,opencl,qnn-npu,pp512_tg64,512,64,1417,decode,1,false,,,,,
switch_opencl_to_qnn_pp512_tg64,switch,opencl,qnn-npu,pp512_tg64,512,64,1427,decode,1,false,,,,,
switch_opencl_to_qnn_pp512_tg64,switch,opencl,qnn-npu,pp512_tg64,512,64,1437,decode,1,false,,,,,
switch_opencl_to_qnn_pp512_tg64,switch,opencl,qnn-npu,pp512_tg64,512,64,1447,decode,1,false,,,,,
switch_opencl_to_qnn_pp512_tg64,switch,opencl,qnn-npu,pp512_tg64,512,64,1457,decode,1,false,,,,,
switch_opencl_to_qnn_pp512_tg64,switch,opencl,qnn-npu,pp512_tg64,512,64,1467,decode,1,false,,,,,
switch_opencl_to_qnn_pp512_tg64,switch,opencl,qnn-npu,pp512_tg64,512,64,1477,decode,1,false,,,,,
switch_opencl_to_qnn_pp512_tg64,switch,opencl,qnn-npu,pp512_tg64,512,64,1487,decode,1,false,,,,,
switch_opencl_to_qnn_pp512_tg64,switch,opencl,qnn-npu,pp512_tg64,512,64,1497,decode,1,false,,,,,
switch_opencl_to_qnn_pp512_tg64,switch,opencl,qnn-npu,pp512_tg64,512,64,1507,decode,1,false,,,,,
switch_opencl_to_qnn_pp512_tg64,switch,opencl,qnn-npu,pp512_tg64,512,64,1517,decode,1,false,,,,,
switch_opencl_to_qnn_pp512_tg64,switch,opencl,qnn-npu,pp512_tg64,512,64,1527,decode,1,false,,,,,
switch_opencl_to_qnn_pp512_tg64,switch,opencl,qnn-npu,pp512_tg64,512,64,1537,decode,1,false,,,,,
switch_opencl_to_qnn_pp512_tg64,switch,opencl,qnn-npu,pp512_tg64,512,64,1547,decode,1,false,,,,,
switch_opencl_to_qnn_pp512_tg64,switch,opencl,qnn-npu,pp512_tg64,512,64,1557,decode,1,false,,,,,
switch_opencl_to_qnn_pp512_tg64,switch,opencl,qnn-npu,pp512_tg64,512,64,1567,decode,1,false,,,,,
switch_opencl_to_qnn_pp512_tg64,switch,opencl,qnn-npu,pp512_tg64,512,64,1577,decode,1,false,,,,,
switch_opencl_to_qnn_pp512_tg64,switch,opencl,qnn-npu,pp512_tg64,512,64,1587,decode,1,false,,,,,
switch_opencl_to_qnn_pp512_tg64,switch,opencl,qnn-npu,pp512_tg64,512,64,1597,decode,1,false,,,,,
switch_opencl_to_qnn_pp512_tg64,switch,opencl,qnn-npu,pp512_tg64,512,64,1607,decode,1,false,,,,,
switch_opencl_to_qnn_pp512_tg64,switch,opencl,qnn-npu,pp512_tg64,512,64,1617,decode,1,false,,,,,
switch_opencl_to_qnn_pp512_tg64,switch,opencl,qnn-npu,pp512_tg64,512,64,1627,decode,1,false,,,,,
switch_opencl_to_qnn_pp512_tg64,switch,opencl,qnn-npu,pp512_tg64,512,64,1637,decode,1,false,,,,,
switch_opencl_to_qnn_pp512_tg64,switch,opencl,qnn-npu,pp512_tg64,512,64,1647,decode,1,false,,,,,
switch_opencl_to_qnn_pp512_tg64,switch,opencl,qnn-npu,pp512_tg64,512,64,1657,decode,1,false,,,,,
switch_opencl_to_qnn_pp512_tg64,switch,opencl,qnn-npu,pp512_tg64,512,64,1667,decode,1,false,,,,,
switch_opencl_to_qnn_pp512_tg64,switch,opencl,qnn-npu,pp512_tg64,512,64,1677,decode,1,false,,,,,
switch_opencl_to_qnn_pp512_tg64,switch,opencl,qnn-npu,pp512_tg64,512,64,1687,decode,1,false,,,,,
switch_opencl_to_qnn_pp512_tg64,switch,opencl,qnn-npu,pp512_tg64,512,64,1697,decode,1,false,,,,,
switch_opencl_to_qnn_pp512_tg64,switch,opencl,qnn-npu,pp512_tg64,512,64,1707,decode,1,false,,,,,
switch_opencl_to_qnn_pp512_tg64,switch,opencl,qnn-npu,pp512_tg64,512,64,1717,decode,1,false,,,,,
switch_opencl_to_qnn_pp512_tg64,switch,opencl,qnn-npu,pp512_tg64,512,64,1727,decode,1,false,,,,,
switch_opencl_to_qnn_pp512_tg64,switch,opencl,qnn-npu,pp512_tg64,512,64,1737,decode,1,false,,,,,
switch_opencl_to_qnn_pp512_tg64,switch,opencl,qnn-npu,pp512_tg64,512,64,1747,decode,1,false,,,,,
switch_opencl_to_qnn_pp512_tg64,switch,opencl,qnn-npu,pp512_tg64,512,64,1757,decode,1,false,,,,,
switch_opencl_to_qnn_pp512_tg64,switch,opencl,qnn-npu,pp512_tg64,512,64,1767,decode,1,false,,,,,
switch_opencl_to_qnn_pp512_tg64,switch,opencl,qnn-npu,pp512_tg64,512,64,1777,decode,1,false,,,,,
switch_opencl_to_qnn_pp512_tg64,switch,opencl,qnn-npu,pp512_tg64,512,64,1787,decode,1,false,,,,,
switch_opencl_to_qnn_pp512_tg64,switch,opencl,qnn-npu,pp512_tg64,512,64,1797,decode,1,false,,,,,
switch_opencl_to_qnn_pp512_tg64,switch,opencl,qnn-npu,pp512_tg64,512,64,1807,decode,1,false,,,,,
switch_opencl_to_qnn_pp512_tg64,switch,opencl,qnn-npu,pp512_tg64,512,64,1817,decode,1,false,,,,,
switch_opencl_to_qnn_pp512_tg64,switch,opencl,qnn-npu,pp512_tg64,512,64,1827,decode,1,false,,,,,
switch_opencl_to_qnn_pp512_tg64,switch,opencl,qnn-npu,pp512_tg64,512,64,1837,decode,1,false,,,,,
switch_opencl_to_qnn_pp512_tg64,switch,opencl,qnn-npu,pp512_tg64,512,64,1847,decode,1,false,,,,,
switch_opencl_to_qnn_pp512_tg64,switch,opencl,qnn-npu,pp512_tg64,512,64,1857,decode,1,false,,,,,
switch_opencl_to_qnn_pp512_tg64,switch,opencl,qnn-npu,pp512_tg64,512,64,1867,decode,1,false,,,,,
switch_opencl_to_qnn_pp512_tg64,switch,opencl,qnn-npu,pp512_tg64,512,64,1877,decode,1,false,,,,,
switch_opencl_to_qnn_pp512_tg64,switch,opencl,qnn-npu,pp512_tg64,512,64,1887,decode,1,false,,,,,
switch_opencl_to_qnn_pp512_tg64,switch,opencl,qnn-npu,pp512_tg64,512,64,1897,decode,1,false,,,,,
switch_opencl_to_qnn_pp512_tg64,switch,opencl,qnn-npu,pp512_tg64,512,64,1907,decode,1,false,,,,,
switch_opencl_to_qnn_pp512_tg64,switch,opencl,qnn-npu,pp512_tg64,512,64,1917,decode,1,false,,,,,
switch_opencl_to_qnn_pp512_tg64,switch,opencl,qnn-npu,pp512_tg64,512,64,1927,decode,1,false,,,,,
switch_opencl_to_qnn_pp512_tg64,switch,opencl,qnn-npu,pp512_tg64,512,64,1937,decode,1,false,,,,,
switch_opencl_to_qnn_pp512_tg64,switch,opencl,qnn-npu,pp512_tg64,512,64,1947,decode,1,false,,,,,
switch_opencl_to_qnn_pp512_tg64,switch,opencl,qnn-npu,pp512_tg64,512,64,1957,decode,1,false,,,,,
switch_opencl_to_qnn_pp512_tg64,switch,opencl,qnn-npu,pp512_tg64,512,64,1967,decode,1,false,,,,,
switch_opencl_to_qnn_pp512_tg64,switch,opencl,qnn-npu,pp512_tg64,512,64,1977,decode,1,false,,,,,
switch_opencl_to_qnn_pp512_tg64,switch,opencl,qnn-npu,pp512_tg64,512,64,1987,decode,1,false,,,,,
switch_opencl_to_qnn_pp512_tg64,switch,opencl,qnn-npu,pp512_tg64,512,64,1997,decode,1,false,,,,,
switch_opencl_to_qnn_pp512_tg64,switch,opencl,qnn-npu,pp512_tg64,512,64,2007,decode,1,false,,,,,
switch_opencl_to_qnn_pp512_tg64,switch,opencl,qnn-npu,pp512_tg64,512,64,2017,decode,1,false,,,,,
switch_opencl_to_qnn_pp512_tg64,switch,opencl,qnn-npu,pp512_tg64,512,64,2027,decode,1,false,,,,,
switch_opencl_to_qnn_pp512_tg64,switch,opencl,qnn-npu,pp512_tg64,512,64,3178,prefill,512,true,prefill,phase-prefill-route,2,16,"attn=opencl,ffn=opencl,output=opencl"
switch_opencl_to_qnn_pp512_tg64,switch,opencl,qnn-npu,pp512_tg64,512,64,3194,decode,1,true,decode,phase-decode-route,6,1901,"attn=qnn-npu,ffn=qnn-npu,output=qnn-npu"
switch_opencl_to_qnn_pp512_tg64,switch,opencl,qnn-npu,pp512_tg64,512,64,3216,decode,1,false,,,,,
switch_opencl_to_qnn_pp512_tg64,switch,opencl,qnn-npu,pp512_tg64,512,64,3226,decode,1,false,,,,,
switch_opencl_to_qnn_pp512_tg64,switch,opencl,qnn-npu,pp512_tg64,512,64,3236,decode,1,false,,,,,
switch_opencl_to_qnn_pp512_tg64,switch,opencl,qnn-npu,pp512_tg64,512,64,3246,decode,1,false,,,,,
switch_opencl_to_qnn_pp512_tg64,switch,opencl,qnn-npu,pp512_tg64,512,64,3256,decode,1,false,,,,,
switch_opencl_to_qnn_pp512_tg64,switch,opencl,qnn-npu,pp512_tg64,512,64,3266,decode,1,false,,,,,
switch_opencl_to_qnn_pp512_tg64,switch,opencl,qnn-npu,pp512_tg64,512,64,3276,decode,1,false,,,,,
switch_opencl_to_qnn_pp512_tg64,switch,opencl,qnn-npu,pp512_tg64,512,64,3286,decode,1,false,,,,,
switch_opencl_to_qnn_pp512_tg64,switch,opencl,qnn-npu,pp512_tg64,512,64,3296,decode,1,false,,,,,
switch_opencl_to_qnn_pp512_tg64,switch,opencl,qnn-npu,pp512_tg64,512,64,3306,decode,1,false,,,,,
switch_opencl_to_qnn_pp512_tg64,switch,opencl,qnn-npu,pp512_tg64,512,64,3316,decode,1,false,,,,,
switch_opencl_to_qnn_pp512_tg64,switch,opencl,qnn-npu,pp512_tg64,512,64,3326,decode,1,false,,,,,
switch_opencl_to_qnn_pp512_tg64,switch,opencl,qnn-npu,pp512_tg64,512,64,3336,decode,1,false,,,,,
switch_opencl_to_qnn_pp512_tg64,switch,opencl,qnn-npu,pp512_tg64,512,64,3346,decode,1,false,,,,,
switch_opencl_to_qnn_pp512_tg64,switch,opencl,qnn-npu,pp512_tg64,512,64,3356,decode,1,false,,,,,
switch_opencl_to_qnn_pp512_tg64,switch,opencl,qnn-npu,pp512_tg64,512,64,3366,decode,1,false,,,,,
switch_opencl_to_qnn_pp512_tg64,switch,opencl,qnn-npu,pp512_tg64,512,64,3376,decode,1,false,,,,,
switch_opencl_to_qnn_pp512_tg64,switch,opencl,qnn-npu,pp512_tg64,512,64,3386,decode,1,false,,,,,
switch_opencl_to_qnn_pp512_tg64,switch,opencl,qnn-npu,pp512_tg64,512,64,3396,decode,1,false,,,,,
switch_opencl_to_qnn_pp512_tg64,switch,opencl,qnn-npu,pp512_tg64,512,64,3406,decode,1,false,,,,,
switch_opencl_to_qnn_pp512_tg64,switch,opencl,qnn-npu,pp512_tg64,512,64,3416,decode,1,false,,,,,
switch_opencl_to_qnn_pp512_tg64,switch,opencl,qnn-npu,pp512_tg64,512,64,3426,decode,1,false,,,,,
switch_opencl_to_qnn_pp512_tg64,switch,opencl,qnn-npu,pp512_tg64,512,64,3436,decode,1,false,,,,,
switch_opencl_to_qnn_pp512_tg64,switch,opencl,qnn-npu,pp512_tg64,512,64,3446,decode,1,false,,,,,
switch_opencl_to_qnn_pp512_tg64,switch,opencl,qnn-npu,pp512_tg64,512,64,3456,decode,1,false,,,,,
switch_opencl_to_qnn_pp512_tg64,switch,opencl,qnn-npu,pp512_tg64,512,64,3466,decode,1,false,,,,,
switch_opencl_to_qnn_pp512_tg64,switch,opencl,qnn-npu,pp512_tg64,512,64,3476,decode,1,false,,,,,
switch_opencl_to_qnn_pp512_tg64,switch,opencl,qnn-npu,pp512_tg64,512,64,3486,decode,1,false,,,,,
switch_opencl_to_qnn_pp512_tg64,switch,opencl,qnn-npu,pp512_tg64,512,64,3496,decode,1,false,,,,,
switch_opencl_to_qnn_pp512_tg64,switch,opencl,qnn-npu,pp512_tg64,512,64,3506,decode,1,false,,,,,
switch_opencl_to_qnn_pp512_tg64,switch,opencl,qnn-npu,pp512_tg64,512,64,3516,decode,1,false,,,,,
switch_opencl_to_qnn_pp512_tg64,switch,opencl,qnn-npu,pp512_tg64,512,64,3526,decode,1,false,,,,,
switch_opencl_to_qnn_pp512_tg64,switch,opencl,qnn-npu,pp512_tg64,512,64,3536,decode,1,false,,,,,
switch_opencl_to_qnn_pp512_tg64,switch,opencl,qnn-npu,pp512_tg64,512,64,3546,decode,1,false,,,,,
switch_opencl_to_qnn_pp512_tg64,switch,opencl,qnn-npu,pp512_tg64,512,64,3556,decode,1,false,,,,,
switch_opencl_to_qnn_pp512_tg64,switch,opencl,qnn-npu,pp512_tg64,512,64,3566,decode,1,false,,,,,
switch_opencl_to_qnn_pp512_tg64,switch,opencl,qnn-npu,pp512_tg64,512,64,3576,decode,1,false,,,,,
switch_opencl_to_qnn_pp512_tg64,switch,opencl,qnn-npu,pp512_tg64,512,64,3586,decode,1,false,,,,,
switch_opencl_to_qnn_pp512_tg64,switch,opencl,qnn-npu,pp512_tg64,512,64,3596,decode,1,false,,,,,
switch_opencl_to_qnn_pp512_tg64,switch,opencl,qnn-npu,pp512_tg64,512,64,3606,decode,1,false,,,,,
switch_opencl_to_qnn_pp512_tg64,switch,opencl,qnn-npu,pp512_tg64,512,64,3616,decode,1,false,,,,,
switch_opencl_to_qnn_pp512_tg64,switch,opencl,qnn-npu,pp512_tg64,512,64,3626,decode,1,false,,,,,
switch_opencl_to_qnn_pp512_tg64,switch,opencl,qnn-npu,pp512_tg64,512,64,3636,decode,1,false,,,,,
switch_opencl_to_qnn_pp512_tg64,switch,opencl,qnn-npu,pp512_tg64,512,64,3646,decode,1,false,,,,,
switch_opencl_to_qnn_pp512_tg64,switch,opencl,qnn-npu,pp512_tg64,512,64,3656,decode,1,false,,,,,
switch_opencl_to_qnn_pp512_tg64,switch,opencl,qnn-npu,pp512_tg64,512,64,3666,decode,1,false,,,,,
switch_opencl_to_qnn_pp512_tg64,switch,opencl,qnn-npu,pp512_tg64,512,64,3676,decode,1,false,,,,,
switch_opencl_to_qnn_pp512_tg64,switch,opencl,qnn-npu,pp512_tg64,512,64,3686,decode,1,false,,,,,
switch_opencl_to_qnn_pp512_tg64,switch,opencl,qnn-npu,pp512_tg64,512,64,3696,decode,1,false,,,,,
switch_opencl_to_qnn_pp512_tg64,switch,opencl,qnn-npu,pp512_tg64,512,64,3706,decode,1,false,,,,,
switch_opencl_to_qnn_pp512_tg64,switch,opencl,qnn-npu,pp512_tg64,512,64,3716,decode,1,false,,,,,
switch_opencl_to_qnn_pp512_tg64,switch,opencl,qnn-npu,pp512_tg64,512,64,3726,decode,1,false,,,,,
switch_opencl_to_qnn_pp512_tg64,switch,opencl,qnn-npu,pp512_tg64,512,64,3736,decode,1,false,,,,,
switch_opencl_to_qnn_pp512_tg64,switch,opencl,qnn-npu,pp512_tg64,512,64,3746,decode,1,false,,,,,
switch_opencl_to_qnn_pp512_tg64,switch,opencl,qnn-npu,pp512_tg64,512,64,3756,decode,1,false,,,,,
switch_opencl_to_qnn_pp512_tg64,switch,opencl,qnn-npu,pp512_tg64,512,64,3766,decode,1,false,,,,,
switch_opencl_to_qnn_pp512_tg64,switch,opencl,qnn-npu,pp512_tg64,512,64,3776,decode,1,false,,,,,
switch_opencl_to_qnn_pp512_tg64,switch,opencl,qnn-npu,pp512_tg64,512,64,3786,decode,1,false,,,,,
switch_opencl_to_qnn_pp512_tg64,switch,opencl,qnn-npu,pp512_tg64,512,64,3796,decode,1,false,,,,,
switch_opencl_to_qnn_pp512_tg64,switch,opencl,qnn-npu,pp512_tg64,512,64,3806,decode,1,false,,,,,
switch_opencl_to_qnn_pp512_tg64,switch,opencl,qnn-npu,pp512_tg64,512,64,3816,decode,1,false,,,,,
switch_opencl_to_qnn_pp512_tg64,switch,opencl,qnn-npu,pp512_tg64,512,64,3826,decode,1,false,,,,,
switch_opencl_to_qnn_pp512_tg64,switch,opencl,qnn-npu,pp512_tg64,512,64,3836,decode,1,false,,,,,
switch_qnn_to_cpu_pp256_tg16,switch,qnn-npu,cpu,pp256_tg16,256,16,718,prefill,256,true,prefill,phase-prefill-route,2,20,"attn=qnn-npu,ffn=qnn-npu,output=qnn-npu"
switch_qnn_to_cpu_pp256_tg16,switch,qnn-npu,cpu,pp256_tg16,256,16,991,decode,1,true,decode,phase-decode-route,6,31,"attn=cpu,ffn=cpu,output=cpu"
switch_qnn_to_cpu_pp256_tg16,switch,qnn-npu,cpu,pp256_tg16,256,16,1005,decode,1,false,,,,,
switch_qnn_to_cpu_pp256_tg16,switch,qnn-npu,cpu,pp256_tg16,256,16,1008,decode,1,false,,,,,
switch_qnn_to_cpu_pp256_tg16,switch,qnn-npu,cpu,pp256_tg16,256,16,1011,decode,1,false,,,,,
switch_qnn_to_cpu_pp256_tg16,switch,qnn-npu,cpu,pp256_tg16,256,16,1014,decode,1,false,,,,,
switch_qnn_to_cpu_pp256_tg16,switch,qnn-npu,cpu,pp256_tg16,256,16,1017,decode,1,false,,,,,
switch_qnn_to_cpu_pp256_tg16,switch,qnn-npu,cpu,pp256_tg16,256,16,1020,decode,1,false,,,,,
switch_qnn_to_cpu_pp256_tg16,switch,qnn-npu,cpu,pp256_tg16,256,16,1023,decode,1,false,,,,,
switch_qnn_to_cpu_pp256_tg16,switch,qnn-npu,cpu,pp256_tg16,256,16,1026,decode,1,false,,,,,
switch_qnn_to_cpu_pp256_tg16,switch,qnn-npu,cpu,pp256_tg16,256,16,1029,decode,1,false,,,,,
switch_qnn_to_cpu_pp256_tg16,switch,qnn-npu,cpu,pp256_tg16,256,16,1032,decode,1,false,,,,,
switch_qnn_to_cpu_pp256_tg16,switch,qnn-npu,cpu,pp256_tg16,256,16,1035,decode,1,false,,,,,
switch_qnn_to_cpu_pp256_tg16,switch,qnn-npu,cpu,pp256_tg16,256,16,1038,decode,1,false,,,,,
switch_qnn_to_cpu_pp256_tg16,switch,qnn-npu,cpu,pp256_tg16,256,16,1041,decode,1,false,,,,,
switch_qnn_to_cpu_pp256_tg16,switch,qnn-npu,cpu,pp256_tg16,256,16,1044,decode,1,false,,,,,
switch_qnn_to_cpu_pp256_tg16,switch,qnn-npu,cpu,pp256_tg16,256,16,1047,decode,1,false,,,,,
switch_qnn_to_cpu_pp256_tg32,switch,qnn-npu,cpu,pp256_tg32,256,32,718,prefill,256,true,prefill,phase-prefill-route,1,20,"attn=qnn-npu,ffn=qnn-npu,output=qnn-npu"
switch_qnn_to_cpu_pp256_tg32,switch,qnn-npu,cpu,pp256_tg32,256,32,991,decode,1,true,decode,phase-decode-route,5,11,"attn=cpu,ffn=cpu,output=cpu"
switch_qnn_to_cpu_pp256_tg32,switch,qnn-npu,cpu,pp256_tg32,256,32,1005,decode,1,false,,,,,
switch_qnn_to_cpu_pp256_tg32,switch,qnn-npu,cpu,pp256_tg32,256,32,1008,decode,1,false,,,,,
switch_qnn_to_cpu_pp256_tg32,switch,qnn-npu,cpu,pp256_tg32,256,32,1011,decode,1,false,,,,,
switch_qnn_to_cpu_pp256_tg32,switch,qnn-npu,cpu,pp256_tg32,256,32,1014,decode,1,false,,,,,
switch_qnn_to_cpu_pp256_tg32,switch,qnn-npu,cpu,pp256_tg32,256,32,1017,decode,1,false,,,,,
switch_qnn_to_cpu_pp256_tg32,switch,qnn-npu,cpu,pp256_tg32,256,32,1020,decode,1,false,,,,,
switch_qnn_to_cpu_pp256_tg32,switch,qnn-npu,cpu,pp256_tg32,256,32,1023,decode,1,false,,,,,
switch_qnn_to_cpu_pp256_tg32,switch,qnn-npu,cpu,pp256_tg32,256,32,1026,decode,1,false,,,,,
switch_qnn_to_cpu_pp256_tg32,switch,qnn-npu,cpu,pp256_tg32,256,32,1029,decode,1,false,,,,,
switch_qnn_to_cpu_pp256_tg32,switch,qnn-npu,cpu,pp256_tg32,256,32,1032,decode,1,false,,,,,
switch_qnn_to_cpu_pp256_tg32,switch,qnn-npu,cpu,pp256_tg32,256,32,1035,decode,1,false,,,,,
switch_qnn_to_cpu_pp256_tg32,switch,qnn-npu,cpu,pp256_tg32,256,32,1038,decode,1,false,,,,,
switch_qnn_to_cpu_pp256_tg32,switch,qnn-npu,cpu,pp256_tg32,256,32,1041,decode,1,false,,,,,
switch_qnn_to_cpu_pp256_tg32,switch,qnn-npu,cpu,pp256_tg32,256,32,1044,decode,1,false,,,,,
switch_qnn_to_cpu_pp256_tg32,switch,qnn-npu,cpu,pp256_tg32,256,32,1047,decode,1,false,,,,,
switch_qnn_to_cpu_pp256_tg32,switch,qnn-npu,cpu,pp256_tg32,256,32,1050,decode,1,false,,,,,
switch_qnn_to_cpu_pp256_tg32,switch,qnn-npu,cpu,pp256_tg32,256,32,1053,decode,1,false,,,,,
switch_qnn_to_cpu_pp256_tg32,switch,qnn-npu,cpu,pp256_tg32,256,32,1056,decode,1,false,,,,,
switch_qnn_to_cpu_pp256_tg32,switch,qnn-npu,cpu,pp256_tg32,256,32,1059,decode,1,false,,,,,
switch_qnn_to_cpu_pp256_tg32,switch,qnn-npu,cpu,pp256_tg32,256,32,1062,decode,1,false,,,,,
switch_qnn_to_cpu_pp256_tg32,switch,qnn-npu,cpu,pp256_tg32,256,32,1065,decode,1,false,,,,,
switch_qnn_to_cpu_pp256_tg32,switch,qnn-npu,cpu,pp256_tg32,256,32,1068,decode,1,false,,,,,
switch_qnn_to_cpu_pp256_tg32,switch,qnn-npu,cpu,pp256_tg32,256,32,1071,decode,1,false,,,,,
switch_qnn_to_cpu_pp256_tg32,switch,qnn-npu,cpu,pp256_tg32,256,32,1074,decode,1,false,,,,,
switch_qnn_to_cpu_pp256_tg32,switch,qnn-npu,cpu,pp256_tg32,256,32,1077,decode,1,false,,,,,
switch_qnn_to_cpu_pp256_tg32,switch,qnn-npu,cpu,pp256_tg32,256,32,1080,decode,1,false,,,,,
switch_qnn_to_cpu_pp256_tg32,switch,qnn-npu,cpu,pp256_tg32,256,32,1083,decode,1,false,,,,,
switch_qnn_to_cpu_pp256_tg32,switch,qnn-npu,cpu,pp256_tg32,256,32,1086,decode,1,false,,,,,
switch_qnn_to_cpu_pp256_tg32,switch,qnn-npu,cpu,pp256_tg32,256,32,1089,decode,1,false,,,,,
switch_qnn_to_cpu_pp256_tg32,switch,qnn-npu,cpu,pp256_tg32,256,32,1092,decode,1,false,,,,,
switch_qnn_to_cpu_pp256_tg32,switch,qnn-npu,cpu,pp256_tg32,256,32,1095,decode,1,false,,,,,
switch_qnn_to_cpu_pp256_tg64,switch,qnn-npu,cpu,pp256_tg64,256,64,718,prefill,256,true,prefill,phase-prefill-route,2,14,"attn=qnn-npu,ffn=qnn-npu,output=qnn-npu"
switch_qnn_to_cpu_pp256_tg64,switch,qnn-npu,cpu,pp256_tg64,256,64,991,decode,1,true,decode,phase-decode-route,4,25,"attn=cpu,ffn=cpu,output=cpu"
switch_qnn_to_cpu_pp256_tg64,switch,qnn-npu,cpu,pp256_tg64,256,64,1005,decode,1,false,,,,,
switch_qnn_to_cpu_pp256_tg64,switch,qnn-npu,cpu,pp256_tg64,256,64,1008,decode,1,false,,,,,
switch_qnn_to_cpu_pp256_tg64,switch,qnn-npu,cpu,pp256_tg64,256,64,1011,decode,1,false,,,,,
switch_qnn_to_cpu_pp256_tg64,switch,qnn-npu,cpu,pp256_tg64,256,64,1014,decode,1,false,,,,,
switch_qnn_to_cpu_pp256_tg64,switch,qnn-npu,cpu,pp256_tg64,256,64,1017,decode,1,false,,,,,
switch_qnn_to_cpu_pp256_tg64,switch,qnn-npu,cpu,pp256_tg64,256,64,1020,decode,1,false,,,,,
switch_qnn_to_cpu_pp256_tg64,switch,qnn-npu,cpu,pp256_tg64,256,64,1023,decode,1,false,,,,,
switch_qnn_to_cpu_pp256_tg64,switch,qnn-npu,cpu,pp256_tg64,256,64,1026,decode,1,false,,,,,
switch_qnn_to_cpu_pp256_tg64,switch,qnn-npu,cpu,pp256_tg64,256,64,1029,decode,1,false,,,,,
switch_qnn_to_cpu_pp256_tg64,switch,qnn-npu,cpu,pp256_tg64,256,64,1032,decode,1,false,,,,,
switch_qnn_to_cpu_pp256_tg64,switch,qnn-npu,cpu,pp256_tg64,256,64,1035,decode,1,false,,,,,
switch_qnn_to_cpu_pp256_tg64,switch,qnn-npu,cpu,pp256_tg64,256,64,1038,decode,1,false,,,,,
switch_qnn_to_cpu_pp256_tg64,switch,qnn-npu,cpu,pp256_tg64,256,64,1041,decode,1,false,,,,,
switch_qnn_to_cpu_pp256_tg64,switch,qnn-npu,cpu,pp256_tg64,256,64,1044,decode,1,false,,,,,
switch_qnn_to_cpu_pp256_tg64,switch,qnn-npu,cpu,pp256_tg64,256,64,1047,decode,1,false,,,,,
switch_qnn_to_cpu_pp256_tg64,switch,qnn-npu,cpu,pp256_tg64,256,64,1050,decode,1,false,,,,,
switch_qnn_to_cpu_pp256_tg64,switch,qnn-npu,cpu,pp256_tg64,256,64,1053,decode,1,false,,,,,
switch_qnn_to_cpu_pp256_tg64,switch,qnn-npu,cpu,pp256_tg64,256,64,1056,decode,1,false,,,,,
switch_qnn_to_cpu_pp256_tg64,switch,qnn-npu,cpu,pp256_tg64,256,64,1059,decode,1,false,,,,,
switch_qnn_to_cpu_pp256_tg64,switch,qnn-npu,cpu,pp256_tg64,256,64,1062,decode,1,false,,,,,
switch_qnn_to_cpu_pp256_tg64,switch,qnn-npu,cpu,pp256_tg64,256,64,1065,decode,1,false,,,,,
switch_qnn_to_cpu_pp256_tg64,switch,qnn-npu,cpu,pp256_tg64,256,64,1068,decode,1,false,,,,,
switch_qnn_to_cpu_pp256_tg64,switch,qnn-npu,cpu,pp256_tg64,256,64,1071,decode,1,false,,,,,
switch_qnn_to_cpu_pp256_tg64,switch,qnn-npu,cpu,pp256_tg64,256,64,1074,decode,1,false,,,,,
switch_qnn_to_cpu_pp256_tg64,switch,qnn-npu,cpu,pp256_tg64,256,64,1077,decode,1,false,,,,,
switch_qnn_to_cpu_pp256_tg64,switch,qnn-npu,cpu,pp256_tg64,256,64,1080,decode,1,false,,,,,
switch_qnn_to_cpu_pp256_tg64,switch,qnn-npu,cpu,pp256_tg64,256,64,1083,decode,1,false,,,,,
switch_qnn_to_cpu_pp256_tg64,switch,qnn-npu,cpu,pp256_tg64,256,64,1086,decode,1,false,,,,,
switch_qnn_to_cpu_pp256_tg64,switch,qnn-npu,cpu,pp256_tg64,256,64,1089,decode,1,false,,,,,
switch_qnn_to_cpu_pp256_tg64,switch,qnn-npu,cpu,pp256_tg64,256,64,1092,decode,1,false,,,,,
switch_qnn_to_cpu_pp256_tg64,switch,qnn-npu,cpu,pp256_tg64,256,64,1095,decode,1,false,,,,,
switch_qnn_to_cpu_pp256_tg64,switch,qnn-npu,cpu,pp256_tg64,256,64,1098,decode,1,false,,,,,
switch_qnn_to_cpu_pp256_tg64,switch,qnn-npu,cpu,pp256_tg64,256,64,1101,decode,1,false,,,,,
switch_qnn_to_cpu_pp256_tg64,switch,qnn-npu,cpu,pp256_tg64,256,64,1104,decode,1,false,,,,,
switch_qnn_to_cpu_pp256_tg64,switch,qnn-npu,cpu,pp256_tg64,256,64,1107,decode,1,false,,,,,
switch_qnn_to_cpu_pp256_tg64,switch,qnn-npu,cpu,pp256_tg64,256,64,1110,decode,1,false,,,,,
switch_qnn_to_cpu_pp256_tg64,switch,qnn-npu,cpu,pp256_tg64,256,64,1113,decode,1,false,,,,,
switch_qnn_to_cpu_pp256_tg64,switch,qnn-npu,cpu,pp256_tg64,256,64,1116,decode,1,false,,,,,
switch_qnn_to_cpu_pp256_tg64,switch,qnn-npu,cpu,pp256_tg64,256,64,1119,decode,1,false,,,,,
switch_qnn_to_cpu_pp256_tg64,switch,qnn-npu,cpu,pp256_tg64,256,64,1122,decode,1,false,,,,,
switch_qnn_to_cpu_pp256_tg64,switch,qnn-npu,cpu,pp256_tg64,256,64,1125,decode,1,false,,,,,
switch_qnn_to_cpu_pp256_tg64,switch,qnn-npu,cpu,pp256_tg64,256,64,1128,decode,1,false,,,,,
switch_qnn_to_cpu_pp256_tg64,switch,qnn-npu,cpu,pp256_tg64,256,64,1131,decode,1,false,,,,,
switch_qnn_to_cpu_pp256_tg64,switch,qnn-npu,cpu,pp256_tg64,256,64,1134,decode,1,false,,,,,
switch_qnn_to_cpu_pp256_tg64,switch,qnn-npu,cpu,pp256_tg64,256,64,1137,decode,1,false,,,,,
switch_qnn_to_cpu_pp256_tg64,switch,qnn-npu,cpu,pp256_tg64,256,64,1140,decode,1,false,,,,,
switch_qnn_to_cpu_pp256_tg64,switch,qnn-npu,cpu,pp256_tg64,256,64,1143,decode,1,false,,,,,
switch_qnn_to_cpu_pp256_tg64,switch,qnn-npu,cpu,pp256_tg64,256,64,1146,decode,1,false,,,,,
switch_qnn_to_cpu_pp256_tg64,switch,qnn-npu,cpu,pp256_tg64,256,64,1149,decode,1,false,,,,,
switch_qnn_to_cpu_pp256_tg64,switch,qnn-npu,cpu,pp256_tg64,256,64,1152,decode,1,false,,,,,
switch_qnn_to_cpu_pp256_tg64,switch,qnn-npu,cpu,pp256_tg64,256,64,1155,decode,1,false,,,,,
switch_qnn_to_cpu_pp256_tg64,switch,qnn-npu,cpu,pp256_tg64,256,64,1158,decode,1,false,,,,,
switch_qnn_to_cpu_pp256_tg64,switch,qnn-npu,cpu,pp256_tg64,256,64,1161,decode,1,false,,,,,
switch_qnn_to_cpu_pp256_tg64,switch,qnn-npu,cpu,pp256_tg64,256,64,1164,decode,1,false,,,,,
switch_qnn_to_cpu_pp256_tg64,switch,qnn-npu,cpu,pp256_tg64,256,64,1167,decode,1,false,,,,,
switch_qnn_to_cpu_pp256_tg64,switch,qnn-npu,cpu,pp256_tg64,256,64,1170,decode,1,false,,,,,
switch_qnn_to_cpu_pp256_tg64,switch,qnn-npu,cpu,pp256_tg64,256,64,1173,decode,1,false,,,,,
switch_qnn_to_cpu_pp256_tg64,switch,qnn-npu,cpu,pp256_tg64,256,64,1176,decode,1,false,,,,,
switch_qnn_to_cpu_pp256_tg64,switch,qnn-npu,cpu,pp256_tg64,256,64,1179,decode,1,false,,,,,
switch_qnn_to_cpu_pp256_tg64,switch,qnn-npu,cpu,pp256_tg64,256,64,1182,decode,1,false,,,,,
switch_qnn_to_cpu_pp256_tg64,switch,qnn-npu,cpu,pp256_tg64,256,64,1185,decode,1,false,,,,,
switch_qnn_to_cpu_pp256_tg64,switch,qnn-npu,cpu,pp256_tg64,256,64,1188,decode,1,false,,,,,
switch_qnn_to_cpu_pp256_tg64,switch,qnn-npu,cpu,pp256_tg64,256,64,1191,decode,1,false,,,,,
switch_qnn_to_cpu_pp512_tg16,switch,qnn-npu,cpu,pp512_tg16,512,16,718,prefill,512,true,prefill,phase-prefill-route,2,62,"attn=qnn-npu,ffn=qnn-npu,output=qnn-npu"
switch_qnn_to_cpu_pp512_tg16,switch,qnn-npu,cpu,pp512_tg16,512,16,991,decode,1,true,decode,phase-decode-route,5,30,"attn=cpu,ffn=cpu,output=cpu"
switch_qnn_to_cpu_pp512_tg16,switch,qnn-npu,cpu,pp512_tg16,512,16,1005,decode,1,false,,,,,
switch_qnn_to_cpu_pp512_tg16,switch,qnn-npu,cpu,pp512_tg16,512,16,1008,decode,1,false,,,,,
switch_qnn_to_cpu_pp512_tg16,switch,qnn-npu,cpu,pp512_tg16,512,16,1011,decode,1,false,,,,,
switch_qnn_to_cpu_pp512_tg16,switch,qnn-npu,cpu,pp512_tg16,512,16,1014,decode,1,false,,,,,
switch_qnn_to_cpu_pp512_tg16,switch,qnn-npu,cpu,pp512_tg16,512,16,1017,decode,1,false,,,,,
switch_qnn_to_cpu_pp512_tg16,switch,qnn-npu,cpu,pp512_tg16,512,16,1020,decode,1,false,,,,,
switch_qnn_to_cpu_pp512_tg16,switch,qnn-npu,cpu,pp512_tg16,512,16,1023,decode,1,false,,,,,
switch_qnn_to_cpu_pp512_tg16,switch,qnn-npu,cpu,pp512_tg16,512,16,1026,decode,1,false,,,,,
switch_qnn_to_cpu_pp512_tg16,switch,qnn-npu,cpu,pp512_tg16,512,16,1029,decode,1,false,,,,,
switch_qnn_to_cpu_pp512_tg16,switch,qnn-npu,cpu,pp512_tg16,512,16,1032,decode,1,false,,,,,
switch_qnn_to_cpu_pp512_tg16,switch,qnn-npu,cpu,pp512_tg16,512,16,1035,decode,1,false,,,,,
switch_qnn_to_cpu_pp512_tg16,switch,qnn-npu,cpu,pp512_tg16,512,16,1038,decode,1,false,,,,,
switch_qnn_to_cpu_pp512_tg16,switch,qnn-npu,cpu,pp512_tg16,512,16,1041,decode,1,false,,,,,
switch_qnn_to_cpu_pp512_tg16,switch,qnn-npu,cpu,pp512_tg16,512,16,1044,decode,1,false,,,,,
switch_qnn_to_cpu_pp512_tg16,switch,qnn-npu,cpu,pp512_tg16,512,16,1047,decode,1,false,,,,,
switch_qnn_to_cpu_pp512_tg32,switch,qnn-npu,cpu,pp512_tg32,512,32,718,prefill,512,true,prefill,phase-prefill-route,1,16,"attn=qnn-npu,ffn=qnn-npu,output=qnn-npu"
switch_qnn_to_cpu_pp512_tg32,switch,qnn-npu,cpu,pp512_tg32,512,32,991,decode,1,true,decode,phase-decode-route,4,26,"attn=cpu,ffn=cpu,output=cpu"
switch_qnn_to_cpu_pp512_tg32,switch,qnn-npu,cpu,pp512_tg32,512,32,1005,decode,1,false,,,,,
switch_qnn_to_cpu_pp512_tg32,switch,qnn-npu,cpu,pp512_tg32,512,32,1008,decode,1,false,,,,,
switch_qnn_to_cpu_pp512_tg32,switch,qnn-npu,cpu,pp512_tg32,512,32,1011,decode,1,false,,,,,
switch_qnn_to_cpu_pp512_tg32,switch,qnn-npu,cpu,pp512_tg32,512,32,1014,decode,1,false,,,,,
switch_qnn_to_cpu_pp512_tg32,switch,qnn-npu,cpu,pp512_tg32,512,32,1017,decode,1,false,,,,,
switch_qnn_to_cpu_pp512_tg32,switch,qnn-npu,cpu,pp512_tg32,512,32,1020,decode,1,false,,,,,
switch_qnn_to_cpu_pp512_tg32,switch,qnn-npu,cpu,pp512_tg32,512,32,1023,decode,1,false,,,,,
switch_qnn_to_cpu_pp512_tg32,switch,qnn-npu,cpu,pp512_tg32,512,32,1026,decode,1,false,,,,,
switch_qnn_to_cpu_pp512_tg32,switch,qnn-npu,cpu,pp512_tg32,512,32,1029,decode,1,false,,,,,
switch_qnn_to_cpu_pp512_tg32,switch,qnn-npu,cpu,pp512_tg32,512,32,1032,decode,1,false,,,,,
switch_qnn_to_cpu_pp512_tg32,switch,qnn-npu,cpu,pp512_tg32,512,32,1035,decode,1,false,,,,,
switch_qnn_to_cpu_pp512_tg32,switch,qnn-npu,cpu,pp512_tg32,512,32,1038,decode,1,false,,,,,
switch_qnn_to_cpu_pp512_tg32,switch,qnn-npu,cpu,pp512_tg32,512,32,1041,decode,1,false,,,,,
switch_qnn_to_cpu_pp512_tg32,switch,qnn-npu,cpu,pp512_tg32,512,32,1044,decode,1,false,,,,,
switch_qnn_to_cpu_pp512_tg32,switch,qnn-npu,cpu,pp512_tg32,512,32,1047,decode,1,false,,,,,
switch_qnn_to_cpu_pp512_tg32,switch,qnn-npu,cpu,pp512_tg32,512,32,1050,decode,1,false,,,,,
switch_qnn_to_cpu_pp512_tg32,switch,qnn-npu,cpu,pp512_tg32,512,32,1053,decode,1,false,,,,,
switch_qnn_to_cpu_pp512_tg32,switch,qnn-npu,cpu,pp512_tg32,512,32,1056,decode,1,false,,,,,
switch_qnn_to_cpu_pp512_tg32,switch,qnn-npu,cpu,pp512_tg32,512,32,1059,decode,1,false,,,,,
switch_qnn_to_cpu_pp512_tg32,switch,qnn-npu,cpu,pp512_tg32,512,32,1062,decode,1,false,,,,,
switch_qnn_to_cpu_pp512_tg32,switch,qnn-npu,cpu,pp512_tg32,512,32,1065,decode,1,false,,,,,
switch_qnn_to_cpu_pp512_tg32,switch,qnn-npu,cpu,pp512_tg32,512,32,1068,decode,1,false,,,,,
switch_qnn_to_cpu_pp512_tg32,switch,qnn-npu,cpu,pp512_tg32,512,32,1071,decode,1,false,,,,,
switch_qnn_to_cpu_pp512_tg32,switch,qnn-npu,cpu,pp512_tg32,512,32,1074,decode,1,false,,,,,
switch_qnn_to_cpu_pp512_tg32,switch,qnn-npu,cpu,pp512_tg32,512,32,1077,decode,1,false,,,,,
switch_qnn_to_cpu_pp512_tg32,switch,qnn-npu,cpu,pp512_tg32,512,32,1080,decode,1,false,,,,,
switch_qnn_to_cpu_pp512_tg32,switch,qnn-npu,cpu,pp512_tg32,512,32,1083,decode,1,false,,,,,
switch_qnn_to_cpu_pp512_tg32,switch,qnn-npu,cpu,pp512_tg32,512,32,1086,decode,1,false,,,,,
switch_qnn_to_cpu_pp512_tg32,switch,qnn-npu,cpu,pp512_tg32,512,32,1089,decode,1,false,,,,,
switch_qnn_to_cpu_pp512_tg32,switch,qnn-npu,cpu,pp512_tg32,512,32,1092,decode,1,false,,,,,
switch_qnn_to_cpu_pp512_tg32,switch,qnn-npu,cpu,pp512_tg32,512,32,1095,decode,1,false,,,,,
switch_qnn_to_cpu_pp512_tg64,switch,qnn-npu,cpu,pp512_tg64,512,64,718,prefill,512,true,prefill,phase-prefill-route,1,16,"attn=qnn-npu,ffn=qnn-npu,output=qnn-npu"
switch_qnn_to_cpu_pp512_tg64,switch,qnn-npu,cpu,pp512_tg64,512,64,991,decode,1,true,decode,phase-decode-route,5,27,"attn=cpu,ffn=cpu,output=cpu"
switch_qnn_to_cpu_pp512_tg64,switch,qnn-npu,cpu,pp512_tg64,512,64,1005,decode,1,false,,,,,
switch_qnn_to_cpu_pp512_tg64,switch,qnn-npu,cpu,pp512_tg64,512,64,1008,decode,1,false,,,,,
switch_qnn_to_cpu_pp512_tg64,switch,qnn-npu,cpu,pp512_tg64,512,64,1011,decode,1,false,,,,,
switch_qnn_to_cpu_pp512_tg64,switch,qnn-npu,cpu,pp512_tg64,512,64,1014,decode,1,false,,,,,
switch_qnn_to_cpu_pp512_tg64,switch,qnn-npu,cpu,pp512_tg64,512,64,1017,decode,1,false,,,,,
switch_qnn_to_cpu_pp512_tg64,switch,qnn-npu,cpu,pp512_tg64,512,64,1020,decode,1,false,,,,,
switch_qnn_to_cpu_pp512_tg64,switch,qnn-npu,cpu,pp512_tg64,512,64,1023,decode,1,false,,,,,
switch_qnn_to_cpu_pp512_tg64,switch,qnn-npu,cpu,pp512_tg64,512,64,1026,decode,1,false,,,,,
switch_qnn_to_cpu_pp512_tg64,switch,qnn-npu,cpu,pp512_tg64,512,64,1029,decode,1,false,,,,,
switch_qnn_to_cpu_pp512_tg64,switch,qnn-npu,cpu,pp512_tg64,512,64,1032,decode,1,false,,,,,
switch_qnn_to_cpu_pp512_tg64,switch,qnn-npu,cpu,pp512_tg64,512,64,1035,decode,1,false,,,,,
switch_qnn_to_cpu_pp512_tg64,switch,qnn-npu,cpu,pp512_tg64,512,64,1038,decode,1,false,,,,,
switch_qnn_to_cpu_pp512_tg64,switch,qnn-npu,cpu,pp512_tg64,512,64,1041,decode,1,false,,,,,
switch_qnn_to_cpu_pp512_tg64,switch,qnn-npu,cpu,pp512_tg64,512,64,1044,decode,1,false,,,,,
switch_qnn_to_cpu_pp512_tg64,switch,qnn-npu,cpu,pp512_tg64,512,64,1047,decode,1,false,,,,,
switch_qnn_to_cpu_pp512_tg64,switch,qnn-npu,cpu,pp512_tg64,512,64,1050,decode,1,false,,,,,
switch_qnn_to_cpu_pp512_tg64,switch,qnn-npu,cpu,pp512_tg64,512,64,1053,decode,1,false,,,,,
switch_qnn_to_cpu_pp512_tg64,switch,qnn-npu,cpu,pp512_tg64,512,64,1056,decode,1,false,,,,,
switch_qnn_to_cpu_pp512_tg64,switch,qnn-npu,cpu,pp512_tg64,512,64,1059,decode,1,false,,,,,
switch_qnn_to_cpu_pp512_tg64,switch,qnn-npu,cpu,pp512_tg64,512,64,1062,decode,1,false,,,,,
switch_qnn_to_cpu_pp512_tg64,switch,qnn-npu,cpu,pp512_tg64,512,64,1065,decode,1,false,,,,,
switch_qnn_to_cpu_pp512_tg64,switch,qnn-npu,cpu,pp512_tg64,512,64,1068,decode,1,false,,,,,
switch_qnn_to_cpu_pp512_tg64,switch,qnn-npu,cpu,pp512_tg64,512,64,1071,decode,1,false,,,,,
switch_qnn_to_cpu_pp512_tg64,switch,qnn-npu,cpu,pp512_tg64,512,64,1074,decode,1,false,,,,,
switch_qnn_to_cpu_pp512_tg64,switch,qnn-npu,cpu,pp512_tg64,512,64,1077,decode,1,false,,,,,
switch_qnn_to_cpu_pp512_tg64,switch,qnn-npu,cpu,pp512_tg64,512,64,1080,decode,1,false,,,,,
switch_qnn_to_cpu_pp512_tg64,switch,qnn-npu,cpu,pp512_tg64,512,64,1083,decode,1,false,,,,,
switch_qnn_to_cpu_pp512_tg64,switch,qnn-npu,cpu,pp512_tg64,512,64,1086,decode,1,false,,,,,
switch_qnn_to_cpu_pp512_tg64,switch,qnn-npu,cpu,pp512_tg64,512,64,1089,decode,1,false,,,,,
switch_qnn_to_cpu_pp512_tg64,switch,qnn-npu,cpu,pp512_tg64,512,64,1092,decode,1,false,,,,,
switch_qnn_to_cpu_pp512_tg64,switch,qnn-npu,cpu,pp512_tg64,512,64,1095,decode,1,false,,,,,
switch_qnn_to_cpu_pp512_tg64,switch,qnn-npu,cpu,pp512_tg64,512,64,1098,decode,1,false,,,,,
switch_qnn_to_cpu_pp512_tg64,switch,qnn-npu,cpu,pp512_tg64,512,64,1101,decode,1,false,,,,,
switch_qnn_to_cpu_pp512_tg64,switch,qnn-npu,cpu,pp512_tg64,512,64,1104,decode,1,false,,,,,
switch_qnn_to_cpu_pp512_tg64,switch,qnn-npu,cpu,pp512_tg64,512,64,1107,decode,1,false,,,,,
switch_qnn_to_cpu_pp512_tg64,switch,qnn-npu,cpu,pp512_tg64,512,64,1110,decode,1,false,,,,,
switch_qnn_to_cpu_pp512_tg64,switch,qnn-npu,cpu,pp512_tg64,512,64,1113,decode,1,false,,,,,
switch_qnn_to_cpu_pp512_tg64,switch,qnn-npu,cpu,pp512_tg64,512,64,1116,decode,1,false,,,,,
switch_qnn_to_cpu_pp512_tg64,switch,qnn-npu,cpu,pp512_tg64,512,64,1119,decode,1,false,,,,,
switch_qnn_to_cpu_pp512_tg64,switch,qnn-npu,cpu,pp512_tg64,512,64,1122,decode,1,false,,,,,
switch_qnn_to_cpu_pp512_tg64,switch,qnn-npu,cpu,pp512_tg64,512,64,1125,decode,1,false,,,,,
switch_qnn_to_cpu_pp512_tg64,switch,qnn-npu,cpu,pp512_tg64,512,64,1128,decode,1,false,,,,,
switch_qnn_to_cpu_pp512_tg64,switch,qnn-npu,cpu,pp512_tg64,512,64,1131,decode,1,false,,,,,
switch_qnn_to_cpu_pp512_tg64,switch,qnn-npu,cpu,pp512_tg64,512,64,1134,decode,1,false,,,,,
switch_qnn_to_cpu_pp512_tg64,switch,qnn-npu,cpu,pp512_tg64,512,64,1137,decode,1,false,,,,,
switch_qnn_to_cpu_pp512_tg64,switch,qnn-npu,cpu,pp512_tg64,512,64,1140,decode,1,false,,,,,
switch_qnn_to_cpu_pp512_tg64,switch,qnn-npu,cpu,pp512_tg64,512,64,1143,decode,1,false,,,,,
switch_qnn_to_cpu_pp512_tg64,switch,qnn-npu,cpu,pp512_tg64,512,64,1146,decode,1,false,,,,,
switch_qnn_to_cpu_pp512_tg64,switch,qnn-npu,cpu,pp512_tg64,512,64,1149,decode,1,false,,,,,
switch_qnn_to_cpu_pp512_tg64,switch,qnn-npu,cpu,pp512_tg64,512,64,1152,decode,1,false,,,,,
switch_qnn_to_cpu_pp512_tg64,switch,qnn-npu,cpu,pp512_tg64,512,64,1155,decode,1,false,,,,,
switch_qnn_to_cpu_pp512_tg64,switch,qnn-npu,cpu,pp512_tg64,512,64,1158,decode,1,false,,,,,
switch_qnn_to_cpu_pp512_tg64,switch,qnn-npu,cpu,pp512_tg64,512,64,1161,decode,1,false,,,,,
switch_qnn_to_cpu_pp512_tg64,switch,qnn-npu,cpu,pp512_tg64,512,64,1164,decode,1,false,,,,,
switch_qnn_to_cpu_pp512_tg64,switch,qnn-npu,cpu,pp512_tg64,512,64,1167,decode,1,false,,,,,
switch_qnn_to_cpu_pp512_tg64,switch,qnn-npu,cpu,pp512_tg64,512,64,1170,decode,1,false,,,,,
switch_qnn_to_cpu_pp512_tg64,switch,qnn-npu,cpu,pp512_tg64,512,64,1173,decode,1,false,,,,,
switch_qnn_to_cpu_pp512_tg64,switch,qnn-npu,cpu,pp512_tg64,512,64,1176,decode,1,false,,,,,
switch_qnn_to_cpu_pp512_tg64,switch,qnn-npu,cpu,pp512_tg64,512,64,1179,decode,1,false,,,,,
switch_qnn_to_cpu_pp512_tg64,switch,qnn-npu,cpu,pp512_tg64,512,64,1182,decode,1,false,,,,,
switch_qnn_to_cpu_pp512_tg64,switch,qnn-npu,cpu,pp512_tg64,512,64,1185,decode,1,false,,,,,
switch_qnn_to_cpu_pp512_tg64,switch,qnn-npu,cpu,pp512_tg64,512,64,1188,decode,1,false,,,,,
switch_qnn_to_cpu_pp512_tg64,switch,qnn-npu,cpu,pp512_tg64,512,64,1191,decode,1,false,,,,,
switch_qnn_to_opencl_pp256_tg16,switch,qnn-npu,opencl,pp256_tg16,256,16,1175,prefill,256,true,prefill,phase-prefill-route,1,16,"attn=qnn-npu,ffn=qnn-npu,output=qnn-npu"
switch_qnn_to_opencl_pp256_tg16,switch,qnn-npu,opencl,pp256_tg16,256,16,1396,decode,1,true,base,phase-base-route,6,26,<default>
switch_qnn_to_opencl_pp256_tg16,switch,qnn-npu,opencl,pp256_tg16,256,16,1420,decode,1,false,,,,,
switch_qnn_to_opencl_pp256_tg16,switch,qnn-npu,opencl,pp256_tg16,256,16,1430,decode,1,false,,,,,
switch_qnn_to_opencl_pp256_tg16,switch,qnn-npu,opencl,pp256_tg16,256,16,1440,decode,1,false,,,,,
switch_qnn_to_opencl_pp256_tg16,switch,qnn-npu,opencl,pp256_tg16,256,16,1450,decode,1,false,,,,,
switch_qnn_to_opencl_pp256_tg16,switch,qnn-npu,opencl,pp256_tg16,256,16,1460,decode,1,false,,,,,
switch_qnn_to_opencl_pp256_tg16,switch,qnn-npu,opencl,pp256_tg16,256,16,1470,decode,1,false,,,,,
switch_qnn_to_opencl_pp256_tg16,switch,qnn-npu,opencl,pp256_tg16,256,16,1480,decode,1,false,,,,,
switch_qnn_to_opencl_pp256_tg16,switch,qnn-npu,opencl,pp256_tg16,256,16,1490,decode,1,false,,,,,
switch_qnn_to_opencl_pp256_tg16,switch,qnn-npu,opencl,pp256_tg16,256,16,1500,decode,1,false,,,,,
switch_qnn_to_opencl_pp256_tg16,switch,qnn-npu,opencl,pp256_tg16,256,16,1510,decode,1,false,,,,,
switch_qnn_to_opencl_pp256_tg16,switch,qnn-npu,opencl,pp256_tg16,256,16,1520,decode,1,false,,,,,
switch_qnn_to_opencl_pp256_tg16,switch,qnn-npu,opencl,pp256_tg16,256,16,1530,decode,1,false,,,,,
switch_qnn_to_opencl_pp256_tg16,switch,qnn-npu,opencl,pp256_tg16,256,16,1540,decode,1,false,,,,,
switch_qnn_to_opencl_pp256_tg16,switch,qnn-npu,opencl,pp256_tg16,256,16,1550,decode,1,false,,,,,
switch_qnn_to_opencl_pp256_tg16,switch,qnn-npu,opencl,pp256_tg16,256,16,1560,decode,1,false,,,,,
switch_qnn_to_opencl_pp256_tg16,switch,qnn-npu,opencl,pp256_tg16,256,16,2712,prefill,256,true,prefill,phase-prefill-route,2,17,"attn=qnn-npu,ffn=qnn-npu,output=qnn-npu"
switch_qnn_to_opencl_pp256_tg16,switch,qnn-npu,opencl,pp256_tg16,256,16,2931,decode,1,true,decode,phase-decode-route,3,37,"attn=opencl,ffn=opencl,output=opencl"
switch_qnn_to_opencl_pp256_tg16,switch,qnn-npu,opencl,pp256_tg16,256,16,2946,decode,1,false,,,,,
switch_qnn_to_opencl_pp256_tg16,switch,qnn-npu,opencl,pp256_tg16,256,16,2949,decode,1,false,,,,,
switch_qnn_to_opencl_pp256_tg16,switch,qnn-npu,opencl,pp256_tg16,256,16,2952,decode,1,false,,,,,
switch_qnn_to_opencl_pp256_tg16,switch,qnn-npu,opencl,pp256_tg16,256,16,2955,decode,1,false,,,,,
switch_qnn_to_opencl_pp256_tg16,switch,qnn-npu,opencl,pp256_tg16,256,16,2958,decode,1,false,,,,,
switch_qnn_to_opencl_pp256_tg16,switch,qnn-npu,opencl,pp256_tg16,256,16,2961,decode,1,false,,,,,
switch_qnn_to_opencl_pp256_tg16,switch,qnn-npu,opencl,pp256_tg16,256,16,2964,decode,1,false,,,,,
switch_qnn_to_opencl_pp256_tg16,switch,qnn-npu,opencl,pp256_tg16,256,16,2967,decode,1,false,,,,,
switch_qnn_to_opencl_pp256_tg16,switch,qnn-npu,opencl,pp256_tg16,256,16,2970,decode,1,false,,,,,
switch_qnn_to_opencl_pp256_tg16,switch,qnn-npu,opencl,pp256_tg16,256,16,2973,decode,1,false,,,,,
switch_qnn_to_opencl_pp256_tg16,switch,qnn-npu,opencl,pp256_tg16,256,16,2976,decode,1,false,,,,,
switch_qnn_to_opencl_pp256_tg16,switch,qnn-npu,opencl,pp256_tg16,256,16,2979,decode,1,false,,,,,
switch_qnn_to_opencl_pp256_tg16,switch,qnn-npu,opencl,pp256_tg16,256,16,2982,decode,1,false,,,,,
switch_qnn_to_opencl_pp256_tg16,switch,qnn-npu,opencl,pp256_tg16,256,16,2985,decode,1,false,,,,,
switch_qnn_to_opencl_pp256_tg16,switch,qnn-npu,opencl,pp256_tg16,256,16,2988,decode,1,false,,,,,
switch_qnn_to_opencl_pp256_tg32,switch,qnn-npu,opencl,pp256_tg32,256,32,1175,prefill,256,true,prefill,phase-prefill-route,3,17,"attn=qnn-npu,ffn=qnn-npu,output=qnn-npu"
switch_qnn_to_opencl_pp256_tg32,switch,qnn-npu,opencl,pp256_tg32,256,32,1396,decode,1,true,base,phase-base-route,5,24,<default>
switch_qnn_to_opencl_pp256_tg32,switch,qnn-npu,opencl,pp256_tg32,256,32,1420,decode,1,false,,,,,
switch_qnn_to_opencl_pp256_tg32,switch,qnn-npu,opencl,pp256_tg32,256,32,1430,decode,1,false,,,,,
switch_qnn_to_opencl_pp256_tg32,switch,qnn-npu,opencl,pp256_tg32,256,32,1440,decode,1,false,,,,,
switch_qnn_to_opencl_pp256_tg32,switch,qnn-npu,opencl,pp256_tg32,256,32,1450,decode,1,false,,,,,
switch_qnn_to_opencl_pp256_tg32,switch,qnn-npu,opencl,pp256_tg32,256,32,1460,decode,1,false,,,,,
switch_qnn_to_opencl_pp256_tg32,switch,qnn-npu,opencl,pp256_tg32,256,32,1470,decode,1,false,,,,,
switch_qnn_to_opencl_pp256_tg32,switch,qnn-npu,opencl,pp256_tg32,256,32,1480,decode,1,false,,,,,
switch_qnn_to_opencl_pp256_tg32,switch,qnn-npu,opencl,pp256_tg32,256,32,1490,decode,1,false,,,,,
switch_qnn_to_opencl_pp256_tg32,switch,qnn-npu,opencl,pp256_tg32,256,32,1500,decode,1,false,,,,,
switch_qnn_to_opencl_pp256_tg32,switch,qnn-npu,opencl,pp256_tg32,256,32,1510,decode,1,false,,,,,
switch_qnn_to_opencl_pp256_tg32,switch,qnn-npu,opencl,pp256_tg32,256,32,1520,decode,1,false,,,,,
switch_qnn_to_opencl_pp256_tg32,switch,qnn-npu,opencl,pp256_tg32,256,32,1530,decode,1,false,,,,,
switch_qnn_to_opencl_pp256_tg32,switch,qnn-npu,opencl,pp256_tg32,256,32,1540,decode,1,false,,,,,
switch_qnn_to_opencl_pp256_tg32,switch,qnn-npu,opencl,pp256_tg32,256,32,1550,decode,1,false,,,,,
switch_qnn_to_opencl_pp256_tg32,switch,qnn-npu,opencl,pp256_tg32,256,32,1560,decode,1,false,,,,,
switch_qnn_to_opencl_pp256_tg32,switch,qnn-npu,opencl,pp256_tg32,256,32,1570,decode,1,false,,,,,
switch_qnn_to_opencl_pp256_tg32,switch,qnn-npu,opencl,pp256_tg32,256,32,1580,decode,1,false,,,,,
switch_qnn_to_opencl_pp256_tg32,switch,qnn-npu,opencl,pp256_tg32,256,32,1590,decode,1,false,,,,,
switch_qnn_to_opencl_pp256_tg32,switch,qnn-npu,opencl,pp256_tg32,256,32,1600,decode,1,false,,,,,
switch_qnn_to_opencl_pp256_tg32,switch,qnn-npu,opencl,pp256_tg32,256,32,1610,decode,1,false,,,,,
switch_qnn_to_opencl_pp256_tg32,switch,qnn-npu,opencl,pp256_tg32,256,32,1620,decode,1,false,,,,,
switch_qnn_to_opencl_pp256_tg32,switch,qnn-npu,opencl,pp256_tg32,256,32,1630,decode,1,false,,,,,
switch_qnn_to_opencl_pp256_tg32,switch,qnn-npu,opencl,pp256_tg32,256,32,1640,decode,1,false,,,,,
switch_qnn_to_opencl_pp256_tg32,switch,qnn-npu,opencl,pp256_tg32,256,32,1650,decode,1,false,,,,,
switch_qnn_to_opencl_pp256_tg32,switch,qnn-npu,opencl,pp256_tg32,256,32,1660,decode,1,false,,,,,
switch_qnn_to_opencl_pp256_tg32,switch,qnn-npu,opencl,pp256_tg32,256,32,1670,decode,1,false,,,,,
switch_qnn_to_opencl_pp256_tg32,switch,qnn-npu,opencl,pp256_tg32,256,32,1680,decode,1,false,,,,,
switch_qnn_to_opencl_pp256_tg32,switch,qnn-npu,opencl,pp256_tg32,256,32,1690,decode,1,false,,,,,
switch_qnn_to_opencl_pp256_tg32,switch,qnn-npu,opencl,pp256_tg32,256,32,1700,decode,1,false,,,,,
switch_qnn_to_opencl_pp256_tg32,switch,qnn-npu,opencl,pp256_tg32,256,32,1710,decode,1,false,,,,,
switch_qnn_to_opencl_pp256_tg32,switch,qnn-npu,opencl,pp256_tg32,256,32,1720,decode,1,false,,,,,
switch_qnn_to_opencl_pp256_tg32,switch,qnn-npu,opencl,pp256_tg32,256,32,2872,prefill,256,true,prefill,phase-prefill-route,2,18,"attn=qnn-npu,ffn=qnn-npu,output=qnn-npu"
switch_qnn_to_opencl_pp256_tg32,switch,qnn-npu,opencl,pp256_tg32,256,32,3091,decode,1,true,decode,phase-decode-route,3,37,"attn=opencl,ffn=opencl,output=opencl"
switch_qnn_to_opencl_pp256_tg32,switch,qnn-npu,opencl,pp256_tg32,256,32,3106,decode,1,false,,,,,
switch_qnn_to_opencl_pp256_tg32,switch,qnn-npu,opencl,pp256_tg32,256,32,3109,decode,1,false,,,,,
switch_qnn_to_opencl_pp256_tg32,switch,qnn-npu,opencl,pp256_tg32,256,32,3112,decode,1,false,,,,,
switch_qnn_to_opencl_pp256_tg32,switch,qnn-npu,opencl,pp256_tg32,256,32,3115,decode,1,false,,,,,
switch_qnn_to_opencl_pp256_tg32,switch,qnn-npu,opencl,pp256_tg32,256,32,3118,decode,1,false,,,,,
switch_qnn_to_opencl_pp256_tg32,switch,qnn-npu,opencl,pp256_tg32,256,32,3121,decode,1,false,,,,,
switch_qnn_to_opencl_pp256_tg32,switch,qnn-npu,opencl,pp256_tg32,256,32,3124,decode,1,false,,,,,
switch_qnn_to_opencl_pp256_tg32,switch,qnn-npu,opencl,pp256_tg32,256,32,3127,decode,1,false,,,,,
switch_qnn_to_opencl_pp256_tg32,switch,qnn-npu,opencl,pp256_tg32,256,32,3130,decode,1,false,,,,,
switch_qnn_to_opencl_pp256_tg32,switch,qnn-npu,opencl,pp256_tg32,256,32,3133,decode,1,false,,,,,
switch_qnn_to_opencl_pp256_tg32,switch,qnn-npu,opencl,pp256_tg32,256,32,3136,decode,1,false,,,,,
switch_qnn_to_opencl_pp256_tg32,switch,qnn-npu,opencl,pp256_tg32,256,32,3139,decode,1,false,,,,,
switch_qnn_to_opencl_pp256_tg32,switch,qnn-npu,opencl,pp256_tg32,256,32,3142,decode,1,false,,,,,
switch_qnn_to_opencl_pp256_tg32,switch,qnn-npu,opencl,pp256_tg32,256,32,3145,decode,1,false,,,,,
switch_qnn_to_opencl_pp256_tg32,switch,qnn-npu,opencl,pp256_tg32,256,32,3148,decode,1,false,,,,,
switch_qnn_to_opencl_pp256_tg32,switch,qnn-npu,opencl,pp256_tg32,256,32,3151,decode,1,false,,,,,
switch_qnn_to_opencl_pp256_tg32,switch,qnn-npu,opencl,pp256_tg32,256,32,3154,decode,1,false,,,,,
switch_qnn_to_opencl_pp256_tg32,switch,qnn-npu,opencl,pp256_tg32,256,32,3157,decode,1,false,,,,,
switch_qnn_to_opencl_pp256_tg32,switch,qnn-npu,opencl,pp256_tg32,256,32,3160,decode,1,false,,,,,
switch_qnn_to_opencl_pp256_tg32,switch,qnn-npu,opencl,pp256_tg32,256,32,3163,decode,1,false,,,,,
switch_qnn_to_opencl_pp256_tg32,switch,qnn-npu,opencl,pp256_tg32,256,32,3166,decode,1,false,,,,,
switch_qnn_to_opencl_pp256_tg32,switch,qnn-npu,opencl,pp256_tg32,256,32,3169,decode,1,false,,,,,
switch_qnn_to_opencl_pp256_tg32,switch,qnn-npu,opencl,pp256_tg32,256,32,3172,decode,1,false,,,,,
switch_qnn_to_opencl_pp256_tg32,switch,qnn-npu,opencl,pp256_tg32,256,32,3175,decode,1,false,,,,,
switch_qnn_to_opencl_pp256_tg32,switch,qnn-npu,opencl,pp256_tg32,256,32,3178,decode,1,false,,,,,
switch_qnn_to_opencl_pp256_tg32,switch,qnn-npu,opencl,pp256_tg32,256,32,3181,decode,1,false,,,,,
switch_qnn_to_opencl_pp256_tg32,switch,qnn-npu,opencl,pp256_tg32,256,32,3184,decode,1,false,,,,,
switch_qnn_to_opencl_pp256_tg32,switch,qnn-npu,opencl,pp256_tg32,256,32,3187,decode,1,false,,,,,
switch_qnn_to_opencl_pp256_tg32,switch,qnn-npu,opencl,pp256_tg32,256,32,3190,decode,1,false,,,,,
switch_qnn_to_opencl_pp256_tg32,switch,qnn-npu,opencl,pp256_tg32,256,32,3193,decode,1,false,,,,,
switch_qnn_to_opencl_pp256_tg32,switch,qnn-npu,opencl,pp256_tg32,256,32,3196,decode,1,false,,,,,
switch_qnn_to_opencl_pp256_tg64,switch,qnn-npu,opencl,pp256_tg64,256,64,1175,prefill,256,true,prefill,phase-prefill-route,2,16,"attn=qnn-npu,ffn=qnn-npu,output=qnn-npu"
switch_qnn_to_opencl_pp256_tg64,switch,qnn-npu,opencl,pp256_tg64,256,64,1396,decode,1,true,base,phase-base-route,4,23,<default>
switch_qnn_to_opencl_pp256_tg64,switch,qnn-npu,opencl,pp256_tg64,256,64,1420,decode,1,false,,,,,
switch_qnn_to_opencl_pp256_tg64,switch,qnn-npu,opencl,pp256_tg64,256,64,1430,decode,1,false,,,,,
switch_qnn_to_opencl_pp256_tg64,switch,qnn-npu,opencl,pp256_tg64,256,64,1440,decode,1,false,,,,,
switch_qnn_to_opencl_pp256_tg64,switch,qnn-npu,opencl,pp256_tg64,256,64,1450,decode,1,false,,,,,
switch_qnn_to_opencl_pp256_tg64,switch,qnn-npu,opencl,pp256_tg64,256,64,1460,decode,1,false,,,,,
switch_qnn_to_opencl_pp256_tg64,switch,qnn-npu,opencl,pp256_tg64,256,64,1470,decode,1,false,,,,,
switch_qnn_to_opencl_pp256_tg64,switch,qnn-npu,opencl,pp256_tg64,256,64,1480,decode,1,false,,,,,
switch_qnn_to_opencl_pp256_tg64,switch,qnn-npu,opencl,pp256_tg64,256,64,1490,decode,1,false,,,,,
switch_qnn_to_opencl_pp256_tg64,switch,qnn-npu,opencl,pp256_tg64,256,64,1500,decode,1,false,,,,,
switch_qnn_to_opencl_pp256_tg64,switch,qnn-npu,opencl,pp256_tg64,256,64,1510,decode,1,false,,,,,
switch_qnn_to_opencl_pp256_tg64,switch,qnn-npu,opencl,pp256_tg64,256,64,1520,decode,1,false,,,,,
switch_qnn_to_opencl_pp256_tg64,switch,qnn-npu,opencl,pp256_tg64,256,64,1530,decode,1,false,,,,,
switch_qnn_to_opencl_pp256_tg64,switch,qnn-npu,opencl,pp256_tg64,256,64,1540,decode,1,false,,,,,
switch_qnn_to_opencl_pp256_tg64,switch,qnn-npu,opencl,pp256_tg64,256,64,1550,decode,1,false,,,,,
switch_qnn_to_opencl_pp256_tg64,switch,qnn-npu,opencl,pp256_tg64,256,64,1560,decode,1,false,,,,,
switch_qnn_to_opencl_pp256_tg64,switch,qnn-npu,opencl,pp256_tg64,256,64,1570,decode,1,false,,,,,
switch_qnn_to_opencl_pp256_tg64,switch,qnn-npu,opencl,pp256_tg64,256,64,1580,decode,1,false,,,,,
switch_qnn_to_opencl_pp256_tg64,switch,qnn-npu,opencl,pp256_tg64,256,64,1590,decode,1,false,,,,,
switch_qnn_to_opencl_pp256_tg64,switch,qnn-npu,opencl,pp256_tg64,256,64,1600,decode,1,false,,,,,
switch_qnn_to_opencl_pp256_tg64,switch,qnn-npu,opencl,pp256_tg64,256,64,1610,decode,1,false,,,,,
switch_qnn_to_opencl_pp256_tg64,switch,qnn-npu,opencl,pp256_tg64,256,64,1620,decode,1,false,,,,,
switch_qnn_to_opencl_pp256_tg64,switch,qnn-npu,opencl,pp256_tg64,256,64,1630,decode,1,false,,,,,
switch_qnn_to_opencl_pp256_tg64,switch,qnn-npu,opencl,pp256_tg64,256,64,1640,decode,1,false,,,,,
switch_qnn_to_opencl_pp256_tg64,switch,qnn-npu,opencl,pp256_tg64,256,64,1650,decode,1,false,,,,,
switch_qnn_to_opencl_pp256_tg64,switch,qnn-npu,opencl,pp256_tg64,256,64,1660,decode,1,false,,,,,
switch_qnn_to_opencl_pp256_tg64,switch,qnn-npu,opencl,pp256_tg64,256,64,1670,decode,1,false,,,,,
switch_qnn_to_opencl_pp256_tg64,switch,qnn-npu,opencl,pp256_tg64,256,64,1680,decode,1,false,,,,,
switch_qnn_to_opencl_pp256_tg64,switch,qnn-npu,opencl,pp256_tg64,256,64,1690,decode,1,false,,,,,
switch_qnn_to_opencl_pp256_tg64,switch,qnn-npu,opencl,pp256_tg64,256,64,1700,decode,1,false,,,,,
switch_qnn_to_opencl_pp256_tg64,switch,qnn-npu,opencl,pp256_tg64,256,64,1710,decode,1,false,,,,,
switch_qnn_to_opencl_pp256_tg64,switch,qnn-npu,opencl,pp256_tg64,256,64,1720,decode,1,false,,,,,
switch_qnn_to_opencl_pp256_tg64,switch,qnn-npu,opencl,pp256_tg64,256,64,1730,decode,1,false,,,,,
switch_qnn_to_opencl_pp256_tg64,switch,qnn-npu,opencl,pp256_tg64,256,64,1740,decode,1,false,,,,,
switch_qnn_to_opencl_pp256_tg64,switch,qnn-npu,opencl,pp256_tg64,256,64,1750,decode,1,false,,,,,
switch_qnn_to_opencl_pp256_tg64,switch,qnn-npu,opencl,pp256_tg64,256,64,1760,decode,1,false,,,,,
switch_qnn_to_opencl_pp256_tg64,switch,qnn-npu,opencl,pp256_tg64,256,64,1770,decode,1,false,,,,,
switch_qnn_to_opencl_pp256_tg64,switch,qnn-npu,opencl,pp256_tg64,256,64,1780,decode,1,false,,,,,
switch_qnn_to_opencl_pp256_tg64,switch,qnn-npu,opencl,pp256_tg64,256,64,1790,decode,1,false,,,,,
switch_qnn_to_opencl_pp256_tg64,switch,qnn-npu,opencl,pp256_tg64,256,64,1800,decode,1,false,,,,,
switch_qnn_to_opencl_pp256_tg64,switch,qnn-npu,opencl,pp256_tg64,256,64,1810,decode,1,false,,,,,
switch_qnn_to_opencl_pp256_tg64,switch,qnn-npu,opencl,pp256_tg64,256,64,1820,decode,1,false,,,,,
switch_qnn_to_opencl_pp256_tg64,switch,qnn-npu,opencl,pp256_tg64,256,64,1830,decode,1,false,,,,,
switch_qnn_to_opencl_pp256_tg64,switch,qnn-npu,opencl,pp256_tg64,256,64,1840,decode,1,false,,,,,
switch_qnn_to_opencl_pp256_tg64,switch,qnn-npu,opencl,pp256_tg64,256,64,1850,decode,1,false,,,,,
switch_qnn_to_opencl_pp256_tg64,switch,qnn-npu,opencl,pp256_tg64,256,64,1860,decode,1,false,,,,,
switch_qnn_to_opencl_pp256_tg64,switch,qnn-npu,opencl,pp256_tg64,256,64,1870,decode,1,false,,,,,
switch_qnn_to_opencl_pp256_tg64,switch,qnn-npu,opencl,pp256_tg64,256,64,1880,decode,1,false,,,,,
switch_qnn_to_opencl_pp256_tg64,switch,qnn-npu,opencl,pp256_tg64,256,64,1890,decode,1,false,,,,,
switch_qnn_to_opencl_pp256_tg64,switch,qnn-npu,opencl,pp256_tg64,256,64,1900,decode,1,false,,,,,
switch_qnn_to_opencl_pp256_tg64,switch,qnn-npu,opencl,pp256_tg64,256,64,1910,decode,1,false,,,,,
switch_qnn_to_opencl_pp256_tg64,switch,qnn-npu,opencl,pp256_tg64,256,64,1920,decode,1,false,,,,,
switch_qnn_to_opencl_pp256_tg64,switch,qnn-npu,opencl,pp256_tg64,256,64,1930,decode,1,false,,,,,
switch_qnn_to_opencl_pp256_tg64,switch,qnn-npu,opencl,pp256_tg64,256,64,1940,decode,1,false,,,,,
switch_qnn_to_opencl_pp256_tg64,switch,qnn-npu,opencl,pp256_tg64,256,64,1950,decode,1,false,,,,,
switch_qnn_to_opencl_pp256_tg64,switch,qnn-npu,opencl,pp256_tg64,256,64,1960,decode,1,false,,,,,
switch_qnn_to_opencl_pp256_tg64,switch,qnn-npu,opencl,pp256_tg64,256,64,1970,decode,1,false,,,,,
switch_qnn_to_opencl_pp256_tg64,switch,qnn-npu,opencl,pp256_tg64,256,64,1980,decode,1,false,,,,,
switch_qnn_to_opencl_pp256_tg64,switch,qnn-npu,opencl,pp256_tg64,256,64,1990,decode,1,false,,,,,
switch_qnn_to_opencl_pp256_tg64,switch,qnn-npu,opencl,pp256_tg64,256,64,2000,decode,1,false,,,,,
switch_qnn_to_opencl_pp256_tg64,switch,qnn-npu,opencl,pp256_tg64,256,64,2010,decode,1,false,,,,,
switch_qnn_to_opencl_pp256_tg64,switch,qnn-npu,opencl,pp256_tg64,256,64,2020,decode,1,false,,,,,
switch_qnn_to_opencl_pp256_tg64,switch,qnn-npu,opencl,pp256_tg64,256,64,2030,decode,1,false,,,,,
switch_qnn_to_opencl_pp256_tg64,switch,qnn-npu,opencl,pp256_tg64,256,64,2040,decode,1,false,,,,,
switch_qnn_to_opencl_pp256_tg64,switch,qnn-npu,opencl,pp256_tg64,256,64,3192,prefill,256,true,prefill,phase-prefill-route,2,17,"attn=qnn-npu,ffn=qnn-npu,output=qnn-npu"
switch_qnn_to_opencl_pp256_tg64,switch,qnn-npu,opencl,pp256_tg64,256,64,3411,decode,1,true,decode,phase-decode-route,3,25,"attn=opencl,ffn=opencl,output=opencl"
switch_qnn_to_opencl_pp256_tg64,switch,qnn-npu,opencl,pp256_tg64,256,64,3426,decode,1,false,,,,,
switch_qnn_to_opencl_pp256_tg64,switch,qnn-npu,opencl,pp256_tg64,256,64,3429,decode,1,false,,,,,
switch_qnn_to_opencl_pp256_tg64,switch,qnn-npu,opencl,pp256_tg64,256,64,3432,decode,1,false,,,,,
switch_qnn_to_opencl_pp256_tg64,switch,qnn-npu,opencl,pp256_tg64,256,64,3435,decode,1,false,,,,,
switch_qnn_to_opencl_pp256_tg64,switch,qnn-npu,opencl,pp256_tg64,256,64,3438,decode,1,false,,,,,
switch_qnn_to_opencl_pp256_tg64,switch,qnn-npu,opencl,pp256_tg64,256,64,3441,decode,1,false,,,,,
switch_qnn_to_opencl_pp256_tg64,switch,qnn-npu,opencl,pp256_tg64,256,64,3444,decode,1,false,,,,,
switch_qnn_to_opencl_pp256_tg64,switch,qnn-npu,opencl,pp256_tg64,256,64,3447,decode,1,false,,,,,
switch_qnn_to_opencl_pp256_tg64,switch,qnn-npu,opencl,pp256_tg64,256,64,3450,decode,1,false,,,,,
switch_qnn_to_opencl_pp256_tg64,switch,qnn-npu,opencl,pp256_tg64,256,64,3453,decode,1,false,,,,,
switch_qnn_to_opencl_pp256_tg64,switch,qnn-npu,opencl,pp256_tg64,256,64,3456,decode,1,false,,,,,
switch_qnn_to_opencl_pp256_tg64,switch,qnn-npu,opencl,pp256_tg64,256,64,3459,decode,1,false,,,,,
switch_qnn_to_opencl_pp256_tg64,switch,qnn-npu,opencl,pp256_tg64,256,64,3462,decode,1,false,,,,,
switch_qnn_to_opencl_pp256_tg64,switch,qnn-npu,opencl,pp256_tg64,256,64,3465,decode,1,false,,,,,
switch_qnn_to_opencl_pp256_tg64,switch,qnn-npu,opencl,pp256_tg64,256,64,3468,decode,1,false,,,,,
switch_qnn_to_opencl_pp256_tg64,switch,qnn-npu,opencl,pp256_tg64,256,64,3471,decode,1,false,,,,,
switch_qnn_to_opencl_pp256_tg64,switch,qnn-npu,opencl,pp256_tg64,256,64,3474,decode,1,false,,,,,
switch_qnn_to_opencl_pp256_tg64,switch,qnn-npu,opencl,pp256_tg64,256,64,3477,decode,1,false,,,,,
switch_qnn_to_opencl_pp256_tg64,switch,qnn-npu,opencl,pp256_tg64,256,64,3480,decode,1,false,,,,,
switch_qnn_to_opencl_pp256_tg64,switch,qnn-npu,opencl,pp256_tg64,256,64,3483,decode,1,false,,,,,
switch_qnn_to_opencl_pp256_tg64,switch,qnn-npu,opencl,pp256_tg64,256,64,3486,decode,1,false,,,,,
switch_qnn_to_opencl_pp256_tg64,switch,qnn-npu,opencl,pp256_tg64,256,64,3489,decode,1,false,,,,,
switch_qnn_to_opencl_pp256_tg64,switch,qnn-npu,opencl,pp256_tg64,256,64,3492,decode,1,false,,,,,
switch_qnn_to_opencl_pp256_tg64,switch,qnn-npu,opencl,pp256_tg64,256,64,3495,decode,1,false,,,,,
switch_qnn_to_opencl_pp256_tg64,switch,qnn-npu,opencl,pp256_tg64,256,64,3498,decode,1,false,,,,,
switch_qnn_to_opencl_pp256_tg64,switch,qnn-npu,opencl,pp256_tg64,256,64,3501,decode,1,false,,,,,
switch_qnn_to_opencl_pp256_tg64,switch,qnn-npu,opencl,pp256_tg64,256,64,3504,decode,1,false,,,,,
switch_qnn_to_opencl_pp256_tg64,switch,qnn-npu,opencl,pp256_tg64,256,64,3507,decode,1,false,,,,,
switch_qnn_to_opencl_pp256_tg64,switch,qnn-npu,opencl,pp256_tg64,256,64,3510,decode,1,false,,,,,
switch_qnn_to_opencl_pp256_tg64,switch,qnn-npu,opencl,pp256_tg64,256,64,3513,decode,1,false,,,,,
switch_qnn_to_opencl_pp256_tg64,switch,qnn-npu,opencl,pp256_tg64,256,64,3516,decode,1,false,,,,,
switch_qnn_to_opencl_pp256_tg64,switch,qnn-npu,opencl,pp256_tg64,256,64,3519,decode,1,false,,,,,
switch_qnn_to_opencl_pp256_tg64,switch,qnn-npu,opencl,pp256_tg64,256,64,3522,decode,1,false,,,,,
switch_qnn_to_opencl_pp256_tg64,switch,qnn-npu,opencl,pp256_tg64,256,64,3525,decode,1,false,,,,,
switch_qnn_to_opencl_pp256_tg64,switch,qnn-npu,opencl,pp256_tg64,256,64,3528,decode,1,false,,,,,
switch_qnn_to_opencl_pp256_tg64,switch,qnn-npu,opencl,pp256_tg64,256,64,3531,decode,1,false,,,,,
switch_qnn_to_opencl_pp256_tg64,switch,qnn-npu,opencl,pp256_tg64,256,64,3534,decode,1,false,,,,,
switch_qnn_to_opencl_pp256_tg64,switch,qnn-npu,opencl,pp256_tg64,256,64,3537,decode,1,false,,,,,
switch_qnn_to_opencl_pp256_tg64,switch,qnn-npu,opencl,pp256_tg64,256,64,3540,decode,1,false,,,,,
switch_qnn_to_opencl_pp256_tg64,switch,qnn-npu,opencl,pp256_tg64,256,64,3543,decode,1,false,,,,,
switch_qnn_to_opencl_pp256_tg64,switch,qnn-npu,opencl,pp256_tg64,256,64,3546,decode,1,false,,,,,
switch_qnn_to_opencl_pp256_tg64,switch,qnn-npu,opencl,pp256_tg64,256,64,3549,decode,1,false,,,,,
switch_qnn_to_opencl_pp256_tg64,switch,qnn-npu,opencl,pp256_tg64,256,64,3552,decode,1,false,,,,,
switch_qnn_to_opencl_pp256_tg64,switch,qnn-npu,opencl,pp256_tg64,256,64,3555,decode,1,false,,,,,
switch_qnn_to_opencl_pp256_tg64,switch,qnn-npu,opencl,pp256_tg64,256,64,3558,decode,1,false,,,,,
switch_qnn_to_opencl_pp256_tg64,switch,qnn-npu,opencl,pp256_tg64,256,64,3561,decode,1,false,,,,,
switch_qnn_to_opencl_pp256_tg64,switch,qnn-npu,opencl,pp256_tg64,256,64,3564,decode,1,false,,,,,
switch_qnn_to_opencl_pp256_tg64,switch,qnn-npu,opencl,pp256_tg64,256,64,3567,decode,1,false,,,,,
switch_qnn_to_opencl_pp256_tg64,switch,qnn-npu,opencl,pp256_tg64,256,64,3570,decode,1,false,,,,,
switch_qnn_to_opencl_pp256_tg64,switch,qnn-npu,opencl,pp256_tg64,256,64,3573,decode,1,false,,,,,
switch_qnn_to_opencl_pp256_tg64,switch,qnn-npu,opencl,pp256_tg64,256,64,3576,decode,1,false,,,,,
switch_qnn_to_opencl_pp256_tg64,switch,qnn-npu,opencl,pp256_tg64,256,64,3579,decode,1,false,,,,,
switch_qnn_to_opencl_pp256_tg64,switch,qnn-npu,opencl,pp256_tg64,256,64,3582,decode,1,false,,,,,
switch_qnn_to_opencl_pp256_tg64,switch,qnn-npu,opencl,pp256_tg64,256,64,3585,decode,1,false,,,,,
switch_qnn_to_opencl_pp256_tg64,switch,qnn-npu,opencl,pp256_tg64,256,64,3588,decode,1,false,,,,,
switch_qnn_to_opencl_pp256_tg64,switch,qnn-npu,opencl,pp256_tg64,256,64,3591,decode,1,false,,,,,
switch_qnn_to_opencl_pp256_tg64,switch,qnn-npu,opencl,pp256_tg64,256,64,3594,decode,1,false,,,,,
switch_qnn_to_opencl_pp256_tg64,switch,qnn-npu,opencl,pp256_tg64,256,64,3597,decode,1,false,,,,,
switch_qnn_to_opencl_pp256_tg64,switch,qnn-npu,opencl,pp256_tg64,256,64,3600,decode,1,false,,,,,
switch_qnn_to_opencl_pp256_tg64,switch,qnn-npu,opencl,pp256_tg64,256,64,3603,decode,1,false,,,,,
switch_qnn_to_opencl_pp256_tg64,switch,qnn-npu,opencl,pp256_tg64,256,64,3606,decode,1,false,,,,,
switch_qnn_to_opencl_pp256_tg64,switch,qnn-npu,opencl,pp256_tg64,256,64,3609,decode,1,false,,,,,
switch_qnn_to_opencl_pp256_tg64,switch,qnn-npu,opencl,pp256_tg64,256,64,3612,decode,1,false,,,,,
switch_qnn_to_opencl_pp512_tg16,switch,qnn-npu,opencl,pp512_tg16,512,16,1175,prefill,512,true,prefill,phase-prefill-route,2,17,"attn=qnn-npu,ffn=qnn-npu,output=qnn-npu"
switch_qnn_to_opencl_pp512_tg16,switch,qnn-npu,opencl,pp512_tg16,512,16,1396,decode,1,true,base,phase-base-route,5,67,<default>
switch_qnn_to_opencl_pp512_tg16,switch,qnn-npu,opencl,pp512_tg16,512,16,1420,decode,1,false,,,,,
switch_qnn_to_opencl_pp512_tg16,switch,qnn-npu,opencl,pp512_tg16,512,16,1430,decode,1,false,,,,,
switch_qnn_to_opencl_pp512_tg16,switch,qnn-npu,opencl,pp512_tg16,512,16,1440,decode,1,false,,,,,
switch_qnn_to_opencl_pp512_tg16,switch,qnn-npu,opencl,pp512_tg16,512,16,1450,decode,1,false,,,,,
switch_qnn_to_opencl_pp512_tg16,switch,qnn-npu,opencl,pp512_tg16,512,16,1460,decode,1,false,,,,,
switch_qnn_to_opencl_pp512_tg16,switch,qnn-npu,opencl,pp512_tg16,512,16,1470,decode,1,false,,,,,
switch_qnn_to_opencl_pp512_tg16,switch,qnn-npu,opencl,pp512_tg16,512,16,1480,decode,1,false,,,,,
switch_qnn_to_opencl_pp512_tg16,switch,qnn-npu,opencl,pp512_tg16,512,16,1490,decode,1,false,,,,,
switch_qnn_to_opencl_pp512_tg16,switch,qnn-npu,opencl,pp512_tg16,512,16,1500,decode,1,false,,,,,
switch_qnn_to_opencl_pp512_tg16,switch,qnn-npu,opencl,pp512_tg16,512,16,1510,decode,1,false,,,,,
switch_qnn_to_opencl_pp512_tg16,switch,qnn-npu,opencl,pp512_tg16,512,16,1520,decode,1,false,,,,,
switch_qnn_to_opencl_pp512_tg16,switch,qnn-npu,opencl,pp512_tg16,512,16,1530,decode,1,false,,,,,
switch_qnn_to_opencl_pp512_tg16,switch,qnn-npu,opencl,pp512_tg16,512,16,1540,decode,1,false,,,,,
switch_qnn_to_opencl_pp512_tg16,switch,qnn-npu,opencl,pp512_tg16,512,16,1550,decode,1,false,,,,,
switch_qnn_to_opencl_pp512_tg16,switch,qnn-npu,opencl,pp512_tg16,512,16,1560,decode,1,false,,,,,
switch_qnn_to_opencl_pp512_tg16,switch,qnn-npu,opencl,pp512_tg16,512,16,2712,prefill,512,true,prefill,phase-prefill-route,2,16,"attn=qnn-npu,ffn=qnn-npu,output=qnn-npu"
switch_qnn_to_opencl_pp512_tg16,switch,qnn-npu,opencl,pp512_tg16,512,16,2931,decode,1,true,decode,phase-decode-route,4,53,"attn=opencl,ffn=opencl,output=opencl"
switch_qnn_to_opencl_pp512_tg16,switch,qnn-npu,opencl,pp512_tg16,512,16,2946,decode,1,false,,,,,
switch_qnn_to_opencl_pp512_tg16,switch,qnn-npu,opencl,pp512_tg16,512,16,2949,decode,1,false,,,,,
switch_qnn_to_opencl_pp512_tg16,switch,qnn-npu,opencl,pp512_tg16,512,16,2952,decode,1,false,,,,,
switch_qnn_to_opencl_pp512_tg16,switch,qnn-npu,opencl,pp512_tg16,512,16,2955,decode,1,false,,,,,
switch_qnn_to_opencl_pp512_tg16,switch,qnn-npu,opencl,pp512_tg16,512,16,2958,decode,1,false,,,,,
switch_qnn_to_opencl_pp512_tg16,switch,qnn-npu,opencl,pp512_tg16,512,16,2961,decode,1,false,,,,,
switch_qnn_to_opencl_pp512_tg16,switch,qnn-npu,opencl,pp512_tg16,512,16,2964,decode,1,false,,,,,
switch_qnn_to_opencl_pp512_tg16,switch,qnn-npu,opencl,pp512_tg16,512,16,2967,decode,1,false,,,,,
switch_qnn_to_opencl_pp512_tg16,switch,qnn-npu,opencl,pp512_tg16,512,16,2970,decode,1,false,,,,,
switch_qnn_to_opencl_pp512_tg16,switch,qnn-npu,opencl,pp512_tg16,512,16,2973,decode,1,false,,,,,
switch_qnn_to_opencl_pp512_tg16,switch,qnn-npu,opencl,pp512_tg16,512,16,2976,decode,1,false,,,,,
switch_qnn_to_opencl_pp512_tg16,switch,qnn-npu,opencl,pp512_tg16,512,16,2979,decode,1,false,,,,,
switch_qnn_to_opencl_pp512_tg16,switch,qnn-npu,opencl,pp512_tg16,512,16,2982,decode,1,false,,,,,
switch_qnn_to_opencl_pp512_tg16,switch,qnn-npu,opencl,pp512_tg16,512,16,2985,decode,1,false,,,,,
switch_qnn_to_opencl_pp512_tg16,switch,qnn-npu,opencl,pp512_tg16,512,16,2988,decode,1,false,,,,,
switch_qnn_to_opencl_pp512_tg32,switch,qnn-npu,opencl,pp512_tg32,512,32,1175,prefill,512,true,prefill,phase-prefill-route,2,16,"attn=qnn-npu,ffn=qnn-npu,output=qnn-npu"
switch_qnn_to_opencl_pp512_tg32,switch,qnn-npu,opencl,pp512_tg32,512,32,1396,decode,1,true,base,phase-base-route,5,60,<default>
switch_qnn_to_opencl_pp512_tg32,switch,qnn-npu,opencl,pp512_tg32,512,32,1420,decode,1,false,,,,,
switch_qnn_to_opencl_pp512_tg32,switch,qnn-npu,opencl,pp512_tg32,512,32,1430,decode,1,false,,,,,
switch_qnn_to_opencl_pp512_tg32,switch,qnn-npu,opencl,pp512_tg32,512,32,1440,decode,1,false,,,,,
switch_qnn_to_opencl_pp512_tg32,switch,qnn-npu,opencl,pp512_tg32,512,32,1450,decode,1,false,,,,,
switch_qnn_to_opencl_pp512_tg32,switch,qnn-npu,opencl,pp512_tg32,512,32,1460,decode,1,false,,,,,
switch_qnn_to_opencl_pp512_tg32,switch,qnn-npu,opencl,pp512_tg32,512,32,1470,decode,1,false,,,,,
switch_qnn_to_opencl_pp512_tg32,switch,qnn-npu,opencl,pp512_tg32,512,32,1480,decode,1,false,,,,,
switch_qnn_to_opencl_pp512_tg32,switch,qnn-npu,opencl,pp512_tg32,512,32,1490,decode,1,false,,,,,
switch_qnn_to_opencl_pp512_tg32,switch,qnn-npu,opencl,pp512_tg32,512,32,1500,decode,1,false,,,,,
switch_qnn_to_opencl_pp512_tg32,switch,qnn-npu,opencl,pp512_tg32,512,32,1510,decode,1,false,,,,,
switch_qnn_to_opencl_pp512_tg32,switch,qnn-npu,opencl,pp512_tg32,512,32,1520,decode,1,false,,,,,
switch_qnn_to_opencl_pp512_tg32,switch,qnn-npu,opencl,pp512_tg32,512,32,1530,decode,1,false,,,,,
switch_qnn_to_opencl_pp512_tg32,switch,qnn-npu,opencl,pp512_tg32,512,32,1540,decode,1,false,,,,,
switch_qnn_to_opencl_pp512_tg32,switch,qnn-npu,opencl,pp512_tg32,512,32,1550,decode,1,false,,,,,
switch_qnn_to_opencl_pp512_tg32,switch,qnn-npu,opencl,pp512_tg32,512,32,1560,decode,1,false,,,,,
switch_qnn_to_opencl_pp512_tg32,switch,qnn-npu,opencl,pp512_tg32,512,32,1570,decode,1,false,,,,,
switch_qnn_to_opencl_pp512_tg32,switch,qnn-npu,opencl,pp512_tg32,512,32,1580,decode,1,false,,,,,
switch_qnn_to_opencl_pp512_tg32,switch,qnn-npu,opencl,pp512_tg32,512,32,1590,decode,1,false,,,,,
switch_qnn_to_opencl_pp512_tg32,switch,qnn-npu,opencl,pp512_tg32,512,32,1600,decode,1,false,,,,,
switch_qnn_to_opencl_pp512_tg32,switch,qnn-npu,opencl,pp512_tg32,512,32,1610,decode,1,false,,,,,
switch_qnn_to_opencl_pp512_tg32,switch,qnn-npu,opencl,pp512_tg32,512,32,1620,decode,1,false,,,,,
switch_qnn_to_opencl_pp512_tg32,switch,qnn-npu,opencl,pp512_tg32,512,32,1630,decode,1,false,,,,,
switch_qnn_to_opencl_pp512_tg32,switch,qnn-npu,opencl,pp512_tg32,512,32,1640,decode,1,false,,,,,
switch_qnn_to_opencl_pp512_tg32,switch,qnn-npu,opencl,pp512_tg32,512,32,1650,decode,1,false,,,,,
switch_qnn_to_opencl_pp512_tg32,switch,qnn-npu,opencl,pp512_tg32,512,32,1660,decode,1,false,,,,,
switch_qnn_to_opencl_pp512_tg32,switch,qnn-npu,opencl,pp512_tg32,512,32,1670,decode,1,false,,,,,
switch_qnn_to_opencl_pp512_tg32,switch,qnn-npu,opencl,pp512_tg32,512,32,1680,decode,1,false,,,,,
switch_qnn_to_opencl_pp512_tg32,switch,qnn-npu,opencl,pp512_tg32,512,32,1690,decode,1,false,,,,,
switch_qnn_to_opencl_pp512_tg32,switch,qnn-npu,opencl,pp512_tg32,512,32,1700,decode,1,false,,,,,
switch_qnn_to_opencl_pp512_tg32,switch,qnn-npu,opencl,pp512_tg32,512,32,1710,decode,1,false,,,,,
switch_qnn_to_opencl_pp512_tg32,switch,qnn-npu,opencl,pp512_tg32,512,32,1720,decode,1,false,,,,,
switch_qnn_to_opencl_pp512_tg32,switch,qnn-npu,opencl,pp512_tg32,512,32,2872,prefill,512,true,prefill,phase-prefill-route,3,17,"attn=qnn-npu,ffn=qnn-npu,output=qnn-npu"
switch_qnn_to_opencl_pp512_tg32,switch,qnn-npu,opencl,pp512_tg32,512,32,3091,decode,1,true,decode,phase-decode-route,3,56,"attn=opencl,ffn=opencl,output=opencl"
switch_qnn_to_opencl_pp512_tg32,switch,qnn-npu,opencl,pp512_tg32,512,32,3106,decode,1,false,,,,,
switch_qnn_to_opencl_pp512_tg32,switch,qnn-npu,opencl,pp512_tg32,512,32,3109,decode,1,false,,,,,
switch_qnn_to_opencl_pp512_tg32,switch,qnn-npu,opencl,pp512_tg32,512,32,3112,decode,1,false,,,,,
switch_qnn_to_opencl_pp512_tg32,switch,qnn-npu,opencl,pp512_tg32,512,32,3115,decode,1,false,,,,,
switch_qnn_to_opencl_pp512_tg32,switch,qnn-npu,opencl,pp512_tg32,512,32,3118,decode,1,false,,,,,
switch_qnn_to_opencl_pp512_tg32,switch,qnn-npu,opencl,pp512_tg32,512,32,3121,decode,1,false,,,,,
switch_qnn_to_opencl_pp512_tg32,switch,qnn-npu,opencl,pp512_tg32,512,32,3124,decode,1,false,,,,,
switch_qnn_to_opencl_pp512_tg32,switch,qnn-npu,opencl,pp512_tg32,512,32,3127,decode,1,false,,,,,
switch_qnn_to_opencl_pp512_tg32,switch,qnn-npu,opencl,pp512_tg32,512,32,3130,decode,1,false,,,,,
switch_qnn_to_opencl_pp512_tg32,switch,qnn-npu,opencl,pp512_tg32,512,32,3133,decode,1,false,,,,,
switch_qnn_to_opencl_pp512_tg32,switch,qnn-npu,opencl,pp512_tg32,512,32,3136,decode,1,false,,,,,
switch_qnn_to_opencl_pp512_tg32,switch,qnn-npu,opencl,pp512_tg32,512,32,3139,decode,1,false,,,,,
switch_qnn_to_opencl_pp512_tg32,switch,qnn-npu,opencl,pp512_tg32,512,32,3142,decode,1,false,,,,,
switch_qnn_to_opencl_pp512_tg32,switch,qnn-npu,opencl,pp512_tg32,512,32,3145,decode,1,false,,,,,
switch_qnn_to_opencl_pp512_tg32,switch,qnn-npu,opencl,pp512_tg32,512,32,3148,decode,1,false,,,,,
switch_qnn_to_opencl_pp512_tg32,switch,qnn-npu,opencl,pp512_tg32,512,32,3151,decode,1,false,,,,,
switch_qnn_to_opencl_pp512_tg32,switch,qnn-npu,opencl,pp512_tg32,512,32,3154,decode,1,false,,,,,
switch_qnn_to_opencl_pp512_tg32,switch,qnn-npu,opencl,pp512_tg32,512,32,3157,decode,1,false,,,,,
switch_qnn_to_opencl_pp512_tg32,switch,qnn-npu,opencl,pp512_tg32,512,32,3160,decode,1,false,,,,,
switch_qnn_to_opencl_pp512_tg32,switch,qnn-npu,opencl,pp512_tg32,512,32,3163,decode,1,false,,,,,
switch_qnn_to_opencl_pp512_tg32,switch,qnn-npu,opencl,pp512_tg32,512,32,3166,decode,1,false,,,,,
switch_qnn_to_opencl_pp512_tg32,switch,qnn-npu,opencl,pp512_tg32,512,32,3169,decode,1,false,,,,,
switch_qnn_to_opencl_pp512_tg32,switch,qnn-npu,opencl,pp512_tg32,512,32,3172,decode,1,false,,,,,
switch_qnn_to_opencl_pp512_tg32,switch,qnn-npu,opencl,pp512_tg32,512,32,3175,decode,1,false,,,,,
switch_qnn_to_opencl_pp512_tg32,switch,qnn-npu,opencl,pp512_tg32,512,32,3178,decode,1,false,,,,,
switch_qnn_to_opencl_pp512_tg32,switch,qnn-npu,opencl,pp512_tg32,512,32,3181,decode,1,false,,,,,
switch_qnn_to_opencl_pp512_tg32,switch,qnn-npu,opencl,pp512_tg32,512,32,3184,decode,1,false,,,,,
switch_qnn_to_opencl_pp512_tg32,switch,qnn-npu,opencl,pp512_tg32,512,32,3187,decode,1,false,,,,,
switch_qnn_to_opencl_pp512_tg32,switch,qnn-npu,opencl,pp512_tg32,512,32,3190,decode,1,false,,,,,
switch_qnn_to_opencl_pp512_tg32,switch,qnn-npu,opencl,pp512_tg32,512,32,3193,decode,1,false,,,,,
switch_qnn_to_opencl_pp512_tg32,switch,qnn-npu,opencl,pp512_tg32,512,32,3196,decode,1,false,,,,,
switch_qnn_to_opencl_pp512_tg64,switch,qnn-npu,opencl,pp512_tg64,512,64,1175,prefill,512,true,prefill,phase-prefill-route,2,18,"attn=qnn-npu,ffn=qnn-npu,output=qnn-npu"
switch_qnn_to_opencl_pp512_tg64,switch,qnn-npu,opencl,pp512_tg64,512,64,1396,decode,1,true,base,phase-base-route,5,64,<default>
switch_qnn_to_opencl_pp512_tg64,switch,qnn-npu,opencl,pp512_tg64,512,64,1420,decode,1,false,,,,,
switch_qnn_to_opencl_pp512_tg64,switch,qnn-npu,opencl,pp512_tg64,512,64,1430,decode,1,false,,,,,
switch_qnn_to_opencl_pp512_tg64,switch,qnn-npu,opencl,pp512_tg64,512,64,1440,decode,1,false,,,,,
switch_qnn_to_opencl_pp512_tg64,switch,qnn-npu,opencl,pp512_tg64,512,64,1450,decode,1,false,,,,,
switch_qnn_to_opencl_pp512_tg64,switch,qnn-npu,opencl,pp512_tg64,512,64,1460,decode,1,false,,,,,
switch_qnn_to_opencl_pp512_tg64,switch,qnn-npu,opencl,pp512_tg64,512,64,1470,decode,1,false,,,,,
switch_qnn_to_opencl_pp512_tg64,switch,qnn-npu,opencl,pp512_tg64,512,64,1480,decode,1,false,,,,,
switch_qnn_to_opencl_pp512_tg64,switch,qnn-npu,opencl,pp512_tg64,512,64,1490,decode,1,false,,,,,
switch_qnn_to_opencl_pp512_tg64,switch,qnn-npu,opencl,pp512_tg64,512,64,1500,decode,1,false,,,,,
switch_qnn_to_opencl_pp512_tg64,switch,qnn-npu,opencl,pp512_tg64,512,64,1510,decode,1,false,,,,,
switch_qnn_to_opencl_pp512_tg64,switch,qnn-npu,opencl,pp512_tg64,512,64,1520,decode,1,false,,,,,
switch_qnn_to_opencl_pp512_tg64,switch,qnn-npu,opencl,pp512_tg64,512,64,1530,decode,1,false,,,,,
switch_qnn_to_opencl_pp512_tg64,switch,qnn-npu,opencl,pp512_tg64,512,64,1540,decode,1,false,,,,,
switch_qnn_to_opencl_pp512_tg64,switch,qnn-npu,opencl,pp512_tg64,512,64,1550,decode,1,false,,,,,
switch_qnn_to_opencl_pp512_tg64,switch,qnn-npu,opencl,pp512_tg64,512,64,1560,decode,1,false,,,,,
switch_qnn_to_opencl_pp512_tg64,switch,qnn-npu,opencl,pp512_tg64,512,64,1570,decode,1,false,,,,,
switch_qnn_to_opencl_pp512_tg64,switch,qnn-npu,opencl,pp512_tg64,512,64,1580,decode,1,false,,,,,
switch_qnn_to_opencl_pp512_tg64,switch,qnn-npu,opencl,pp512_tg64,512,64,1590,decode,1,false,,,,,
switch_qnn_to_opencl_pp512_tg64,switch,qnn-npu,opencl,pp512_tg64,512,64,1600,decode,1,false,,,,,
switch_qnn_to_opencl_pp512_tg64,switch,qnn-npu,opencl,pp512_tg64,512,64,1610,decode,1,false,,,,,
switch_qnn_to_opencl_pp512_tg64,switch,qnn-npu,opencl,pp512_tg64,512,64,1620,decode,1,false,,,,,
switch_qnn_to_opencl_pp512_tg64,switch,qnn-npu,opencl,pp512_tg64,512,64,1630,decode,1,false,,,,,
switch_qnn_to_opencl_pp512_tg64,switch,qnn-npu,opencl,pp512_tg64,512,64,1640,decode,1,false,,,,,
switch_qnn_to_opencl_pp512_tg64,switch,qnn-npu,opencl,pp512_tg64,512,64,1650,decode,1,false,,,,,
switch_qnn_to_opencl_pp512_tg64,switch,qnn-npu,opencl,pp512_tg64,512,64,1660,decode,1,false,,,,,
switch_qnn_to_opencl_pp512_tg64,switch,qnn-npu,opencl,pp512_tg64,512,64,1670,decode,1,false,,,,,
switch_qnn_to_opencl_pp512_tg64,switch,qnn-npu,opencl,pp512_tg64,512,64,1680,decode,1,false,,,,,
switch_qnn_to_opencl_pp512_tg64,switch,qnn-npu,opencl,pp512_tg64,512,64,1690,decode,1,false,,,,,
switch_qnn_to_opencl_pp512_tg64,switch,qnn-npu,opencl,pp512_tg64,512,64,1700,decode,1,false,,,,,
switch_qnn_to_opencl_pp512_tg64,switch,qnn-npu,opencl,pp512_tg64,512,64,1710,decode,1,false,,,,,
switch_qnn_to_opencl_pp512_tg64,switch,qnn-npu,opencl,pp512_tg64,512,64,1720,decode,1,false,,,,,
switch_qnn_to_opencl_pp512_tg64,switch,qnn-npu,opencl,pp512_tg64,512,64,1730,decode,1,false,,,,,
switch_qnn_to_opencl_pp512_tg64,switch,qnn-npu,opencl,pp512_tg64,512,64,1740,decode,1,false,,,,,
switch_qnn_to_opencl_pp512_tg64,switch,qnn-npu,opencl,pp512_tg64,512,64,1750,decode,1,false,,,,,
switch_qnn_to_opencl_pp512_tg64,switch,qnn-npu,opencl,pp512_tg64,512,64,1760,decode,1,false,,,,,
switch_qnn_to_opencl_pp512_tg64,switch,qnn-npu,opencl,pp512_tg64,512,64,1770,decode,1,false,,,,,
switch_qnn_to_opencl_pp512_tg64,switch,qnn-npu,opencl,pp512_tg64,512,64,1780,decode,1,false,,,,,
switch_qnn_to_opencl_pp512_tg64,switch,qnn-npu,opencl,pp512_tg64,512,64,1790,decode,1,false,,,,,
switch_qnn_to_opencl_pp512_tg64,switch,qnn-npu,opencl,pp512_tg64,512,64,1800,decode,1,false,,,,,
switch_qnn_to_opencl_pp512_tg64,switch,qnn-npu,opencl,pp512_tg64,512,64,1810,decode,1,false,,,,,
switch_qnn_to_opencl_pp512_tg64,switch,qnn-npu,opencl,pp512_tg64,512,64,1820,decode,1,false,,,,,
switch_qnn_to_opencl_pp512_tg64,switch,qnn-npu,opencl,pp512_tg64,512,64,1830,decode,1,false,,,,,
switch_qnn_to_opencl_pp512_tg64,switch,qnn-npu,opencl,pp512_tg64,512,64,1840,decode,1,false,,,,,
switch_qnn_to_opencl_pp512_tg64,switch,qnn-npu,opencl,pp512_tg64,512,64,1850,decode,1,false,,,,,
switch_qnn_to_opencl_pp512_tg64,switch,qnn-npu,opencl,pp512_tg64,512,64,1860,decode,1,false,,,,,
switch_qnn_to_opencl_pp512_tg64,switch,qnn-npu,opencl,pp512_tg64,512,64,1870,decode,1,false,,,,,
switch_qnn_to_opencl_pp512_tg64,switch,qnn-npu,opencl,pp512_tg64,512,64,1880,decode,1,false,,,,,
switch_qnn_to_opencl_pp512_tg64,switch,qnn-npu,opencl,pp512_tg64,512,64,1890,decode,1,false,,,,,
switch_qnn_to_opencl_pp512_tg64,switch,qnn-npu,opencl,pp512_tg64,512,64,1900,decode,1,false,,,,,
switch_qnn_to_opencl_pp512_tg64,switch,qnn-npu,opencl,pp512_tg64,512,64,1910,decode,1,false,,,,,
switch_qnn_to_opencl_pp512_tg64,switch,qnn-npu,opencl,pp512_tg64,512,64,1920,decode,1,false,,,,,
switch_qnn_to_opencl_pp512_tg64,switch,qnn-npu,opencl,pp512_tg64,512,64,1930,decode,1,false,,,,,
switch_qnn_to_opencl_pp512_tg64,switch,qnn-npu,opencl,pp512_tg64,512,64,1940,decode,1,false,,,,,
switch_qnn_to_opencl_pp512_tg64,switch,qnn-npu,opencl,pp512_tg64,512,64,1950,decode,1,false,,,,,
switch_qnn_to_opencl_pp512_tg64,switch,qnn-npu,opencl,pp512_tg64,512,64,1960,decode,1,false,,,,,
switch_qnn_to_opencl_pp512_tg64,switch,qnn-npu,opencl,pp512_tg64,512,64,1970,decode,1,false,,,,,
switch_qnn_to_opencl_pp512_tg64,switch,qnn-npu,opencl,pp512_tg64,512,64,1980,decode,1,false,,,,,
switch_qnn_to_opencl_pp512_tg64,switch,qnn-npu,opencl,pp512_tg64,512,64,1990,decode,1,false,,,,,
switch_qnn_to_opencl_pp512_tg64,switch,qnn-npu,opencl,pp512_tg64,512,64,2000,decode,1,false,,,,,
switch_qnn_to_opencl_pp512_tg64,switch,qnn-npu,opencl,pp512_tg64,512,64,2010,decode,1,false,,,,,
switch_qnn_to_opencl_pp512_tg64,switch,qnn-npu,opencl,pp512_tg64,512,64,2020,decode,1,false,,,,,
switch_qnn_to_opencl_pp512_tg64,switch,qnn-npu,opencl,pp512_tg64,512,64,2030,decode,1,false,,,,,
switch_qnn_to_opencl_pp512_tg64,switch,qnn-npu,opencl,pp512_tg64,512,64,2040,decode,1,false,,,,,
switch_qnn_to_opencl_pp512_tg64,switch,qnn-npu,opencl,pp512_tg64,512,64,3192,prefill,512,true,prefill,phase-prefill-route,2,17,"attn=qnn-npu,ffn=qnn-npu,output=qnn-npu"
switch_qnn_to_opencl_pp512_tg64,switch,qnn-npu,opencl,pp512_tg64,512,64,3411,decode,1,true,decode,phase-decode-route,2,53,"attn=opencl,ffn=opencl,output=opencl"
switch_qnn_to_opencl_pp512_tg64,switch,qnn-npu,opencl,pp512_tg64,512,64,3426,decode,1,false,,,,,
switch_qnn_to_opencl_pp512_tg64,switch,qnn-npu,opencl,pp512_tg64,512,64,3429,decode,1,false,,,,,
switch_qnn_to_opencl_pp512_tg64,switch,qnn-npu,opencl,pp512_tg64,512,64,3432,decode,1,false,,,,,
switch_qnn_to_opencl_pp512_tg64,switch,qnn-npu,opencl,pp512_tg64,512,64,3435,decode,1,false,,,,,
switch_qnn_to_opencl_pp512_tg64,switch,qnn-npu,opencl,pp512_tg64,512,64,3438,decode,1,false,,,,,
switch_qnn_to_opencl_pp512_tg64,switch,qnn-npu,opencl,pp512_tg64,512,64,3441,decode,1,false,,,,,
switch_qnn_to_opencl_pp512_tg64,switch,qnn-npu,opencl,pp512_tg64,512,64,3444,decode,1,false,,,,,
switch_qnn_to_opencl_pp512_tg64,switch,qnn-npu,opencl,pp512_tg64,512,64,3447,decode,1,false,,,,,
switch_qnn_to_opencl_pp512_tg64,switch,qnn-npu,opencl,pp512_tg64,512,64,3450,decode,1,false,,,,,
switch_qnn_to_opencl_pp512_tg64,switch,qnn-npu,opencl,pp512_tg64,512,64,3453,decode,1,false,,,,,
switch_qnn_to_opencl_pp512_tg64,switch,qnn-npu,opencl,pp512_tg64,512,64,3456,decode,1,false,,,,,
switch_qnn_to_opencl_pp512_tg64,switch,qnn-npu,opencl,pp512_tg64,512,64,3459,decode,1,false,,,,,
switch_qnn_to_opencl_pp512_tg64,switch,qnn-npu,opencl,pp512_tg64,512,64,3462,decode,1,false,,,,,
switch_qnn_to_opencl_pp512_tg64,switch,qnn-npu,opencl,pp512_tg64,512,64,3465,decode,1,false,,,,,
switch_qnn_to_opencl_pp512_tg64,switch,qnn-npu,opencl,pp512_tg64,512,64,3468,decode,1,false,,,,,
switch_qnn_to_opencl_pp512_tg64,switch,qnn-npu,opencl,pp512_tg64,512,64,3471,decode,1,false,,,,,
switch_qnn_to_opencl_pp512_tg64,switch,qnn-npu,opencl,pp512_tg64,512,64,3474,decode,1,false,,,,,
switch_qnn_to_opencl_pp512_tg64,switch,qnn-npu,opencl,pp512_tg64,512,64,3477,decode,1,false,,,,,
switch_qnn_to_opencl_pp512_tg64,switch,qnn-npu,opencl,pp512_tg64,512,64,3480,decode,1,false,,,,,
switch_qnn_to_opencl_pp512_tg64,switch,qnn-npu,opencl,pp512_tg64,512,64,3483,decode,1,false,,,,,
switch_qnn_to_opencl_pp512_tg64,switch,qnn-npu,opencl,pp512_tg64,512,64,3486,decode,1,false,,,,,
switch_qnn_to_opencl_pp512_tg64,switch,qnn-npu,opencl,pp512_tg64,512,64,3489,decode,1,false,,,,,
switch_qnn_to_opencl_pp512_tg64,switch,qnn-npu,opencl,pp512_tg64,512,64,3492,decode,1,false,,,,,
switch_qnn_to_opencl_pp512_tg64,switch,qnn-npu,opencl,pp512_tg64,512,64,3495,decode,1,false,,,,,
switch_qnn_to_opencl_pp512_tg64,switch,qnn-npu,opencl,pp512_tg64,512,64,3498,decode,1,false,,,,,
switch_qnn_to_opencl_pp512_tg64,switch,qnn-npu,opencl,pp512_tg64,512,64,3501,decode,1,false,,,,,
switch_qnn_to_opencl_pp512_tg64,switch,qnn-npu,opencl,pp512_tg64,512,64,3504,decode,1,false,,,,,
switch_qnn_to_opencl_pp512_tg64,switch,qnn-npu,opencl,pp512_tg64,512,64,3507,decode,1,false,,,,,
switch_qnn_to_opencl_pp512_tg64,switch,qnn-npu,opencl,pp512_tg64,512,64,3510,decode,1,false,,,,,
switch_qnn_to_opencl_pp512_tg64,switch,qnn-npu,opencl,pp512_tg64,512,64,3513,decode,1,false,,,,,
switch_qnn_to_opencl_pp512_tg64,switch,qnn-npu,opencl,pp512_tg64,512,64,3516,decode,1,false,,,,,
switch_qnn_to_opencl_pp512_tg64,switch,qnn-npu,opencl,pp512_tg64,512,64,3519,decode,1,false,,,,,
switch_qnn_to_opencl_pp512_tg64,switch,qnn-npu,opencl,pp512_tg64,512,64,3522,decode,1,false,,,,,
switch_qnn_to_opencl_pp512_tg64,switch,qnn-npu,opencl,pp512_tg64,512,64,3525,decode,1,false,,,,,
switch_qnn_to_opencl_pp512_tg64,switch,qnn-npu,opencl,pp512_tg64,512,64,3528,decode,1,false,,,,,
switch_qnn_to_opencl_pp512_tg64,switch,qnn-npu,opencl,pp512_tg64,512,64,3531,decode,1,false,,,,,
switch_qnn_to_opencl_pp512_tg64,switch,qnn-npu,opencl,pp512_tg64,512,64,3534,decode,1,false,,,,,
switch_qnn_to_opencl_pp512_tg64,switch,qnn-npu,opencl,pp512_tg64,512,64,3537,decode,1,false,,,,,
switch_qnn_to_opencl_pp512_tg64,switch,qnn-npu,opencl,pp512_tg64,512,64,3540,decode,1,false,,,,,
switch_qnn_to_opencl_pp512_tg64,switch,qnn-npu,opencl,pp512_tg64,512,64,3543,decode,1,false,,,,,
switch_qnn_to_opencl_pp512_tg64,switch,qnn-npu,opencl,pp512_tg64,512,64,3546,decode,1,false,,,,,
switch_qnn_to_opencl_pp512_tg64,switch,qnn-npu,opencl,pp512_tg64,512,64,3549,decode,1,false,,,,,
switch_qnn_to_opencl_pp512_tg64,switch,qnn-npu,opencl,pp512_tg64,512,64,3552,decode,1,false,,,,,
switch_qnn_to_opencl_pp512_tg64,switch,qnn-npu,opencl,pp512_tg64,512,64,3555,decode,1,false,,,,,
switch_qnn_to_opencl_pp512_tg64,switch,qnn-npu,opencl,pp512_tg64,512,64,3558,decode,1,false,,,,,
switch_qnn_to_opencl_pp512_tg64,switch,qnn-npu,opencl,pp512_tg64,512,64,3561,decode,1,false,,,,,
switch_qnn_to_opencl_pp512_tg64,switch,qnn-npu,opencl,pp512_tg64,512,64,3564,decode,1,false,,,,,
switch_qnn_to_opencl_pp512_tg64,switch,qnn-npu,opencl,pp512_tg64,512,64,3567,decode,1,false,,,,,
switch_qnn_to_opencl_pp512_tg64,switch,qnn-npu,opencl,pp512_tg64,512,64,3570,decode,1,false,,,,,
switch_qnn_to_opencl_pp512_tg64,switch,qnn-npu,opencl,pp512_tg64,512,64,3573,decode,1,false,,,,,
switch_qnn_to_opencl_pp512_tg64,switch,qnn-npu,opencl,pp512_tg64,512,64,3576,decode,1,false,,,,,
switch_qnn_to_opencl_pp512_tg64,switch,qnn-npu,opencl,pp512_tg64,512,64,3579,decode,1,false,,,,,
switch_qnn_to_opencl_pp512_tg64,switch,qnn-npu,opencl,pp512_tg64,512,64,3582,decode,1,false,,,,,
switch_qnn_to_opencl_pp512_tg64,switch,qnn-npu,opencl,pp512_tg64,512,64,3585,decode,1,false,,,,,
switch_qnn_to_opencl_pp512_tg64,switch,qnn-npu,opencl,pp512_tg64,512,64,3588,decode,1,false,,,,,
switch_qnn_to_opencl_pp512_tg64,switch,qnn-npu,opencl,pp512_tg64,512,64,3591,decode,1,false,,,,,
switch_qnn_to_opencl_pp512_tg64,switch,qnn-npu,opencl,pp512_tg64,512,64,3594,decode,1,false,,,,,
switch_qnn_to_opencl_pp512_tg64,switch,qnn-npu,opencl,pp512_tg64,512,64,3597,decode,1,false,,,,,
switch_qnn_to_opencl_pp512_tg64,switch,qnn-npu,opencl,pp512_tg64,512,64,3600,decode,1,false,,,,,
switch_qnn_to_opencl_pp512_tg64,switch,qnn-npu,opencl,pp512_tg64,512,64,3603,decode,1,false,,,,,
switch_qnn_to_opencl_pp512_tg64,switch,qnn-npu,opencl,pp512_tg64,512,64,3606,decode,1,false,,,,,
switch_qnn_to_opencl_pp512_tg64,switch,qnn-npu,opencl,pp512_tg64,512,64,3609,decode,1,false,,,,,
switch_qnn_to_opencl_pp512_tg64,switch,qnn-npu,opencl,pp512_tg64,512,64,3612,decode,1,false,,,,,
